dataset,script_id,script_number,model,prompt_type,language,category,snippet,script_path,ok_runs,failed_runs,total_runs,elapsed_seconds_mean,elapsed_seconds_median,elapsed_seconds_std,elapsed_seconds_min,elapsed_seconds_max,energy_joules_mean,energy_joules_median,energy_joules_std,energy_joules_min,energy_joules_max,avg_power_watts_mean,avg_power_watts_median,avg_power_watts_std,avg_power_watts_min,avg_power_watts_max,idle_adjusted_energy_joules_mean,idle_adjusted_energy_joules_median,idle_adjusted_energy_joules_std,idle_adjusted_energy_joules_min,idle_adjusted_energy_joules_max,idle_adjusted_avg_power_watts_mean,idle_adjusted_avg_power_watts_median,idle_adjusted_avg_power_watts_std,idle_adjusted_avg_power_watts_min,idle_adjusted_avg_power_watts_max
original,script_1,1,original,base,python,data_manipulation_preprocessing,01_impute_encode_scale,/home/romakrut/PycharmProjects/masters-thesis/task_equivalents/python/data_manipulation_preprocessing/01_impute_encode_scale.py,30,0,30,0.587704164,0.587691752,0.002727597,0.583269936,0.595585254,9.691666667,9.700000000,0.123066658,9.430000000,9.960000000,16.490929554,16.468379943,0.212486939,16.116812221,17.008074679,9.499587222,9.507340556,0.122941325,9.238770596,9.768606886,16.164099396,16.141549785,0.212486939,15.789982063,16.681244521
original,script_2,2,original,base,python,data_manipulation_preprocessing,02_merge_aggregate_reshape,/home/romakrut/PycharmProjects/masters-thesis/task_equivalents/python/data_manipulation_preprocessing/02_merge_aggregate_reshape.py,30,0,30,0.620300689,0.619173945,0.004082982,0.615251618,0.630571999,10.174666667,10.165000000,0.132632064,9.940000000,10.590000000,16.403175427,16.412694949,0.215743613,15.957700957,16.794275700,9.971933694,9.961061750,0.132334299,9.736418558,10.383910054,16.076345269,16.085864791,0.215743613,15.630870799,16.467445542
original,script_3,3,original,base,python,data_visualization,01_scatter_trend_grouped,/home/romakrut/PycharmProjects/masters-thesis/task_equivalents/python/data_visualization/01_scatter_trend_grouped.py,30,0,30,0.911748012,0.909251493,0.007553337,0.901135002,0.935600825,15.159666667,15.140000000,0.212529646,14.800000000,15.650000000,16.627998250,16.629825181,0.260730963,15.850776959,17.266563002,14.861679920,14.839879339,0.212381441,14.503914810,15.353768957,16.301168092,16.302995023,0.260730963,15.523946801,16.939732844
original,script_4,4,original,base,python,data_visualization,02_distribution_boxplot,/home/romakrut/PycharmProjects/masters-thesis/task_equivalents/python/data_visualization/02_distribution_boxplot.py,30,0,30,0.847541464,0.845047822,0.006042127,0.839759515,0.862375701,14.261666667,14.270000000,0.159137402,13.900000000,14.610000000,16.827555831,16.857005003,0.191596894,16.384970012,17.151545158,13.984664556,13.991418737,0.158588897,13.625093496,14.330621811,16.500725673,16.530174845,0.191596894,16.058139854,16.824715000
original,script_5,5,original,base,python,machine_learning_workflows,01_pipeline_cv_gridsearch_classification,/home/romakrut/PycharmProjects/masters-thesis/task_equivalents/python/machine_learning_workflows/01_pipeline_cv_gridsearch_classification.py,30,0,30,3.115271053,2.724431863,0.723615235,2.666822373,4.600407149,97.661000000,101.845000000,9.854911378,79.370000000,106.540000000,33.226531406,37.268910340,8.450613236,17.620179557,39.700026851,96.642835470,100.956781893,10.082778210,77.905175530,105.654519461,32.899701248,36.942080182,8.450613236,17.293349399,39.373196693
original,script_6,6,original,base,python,machine_learning_workflows,02_regression_workflow_feature_importance,/home/romakrut/PycharmProjects/masters-thesis/task_equivalents/python/machine_learning_workflows/02_regression_workflow_feature_importance.py,30,0,30,12.182617281,12.174177088,0.057350580,12.117086293,12.431524820,193.517333333,193.115000000,2.225248430,190.110000000,199.410000000,15.884592851,15.858321345,0.154437979,15.600096058,16.184041452,189.535686603,189.133985400,2.214959266,186.146677224,195.347002779,15.557762693,15.531491187,0.154437979,15.273265900,15.857211294
original,script_7,7,original,base,python,statistical_modelling_analysis,01_linear_regression_inference,/home/romakrut/PycharmProjects/masters-thesis/task_equivalents/python/statistical_modelling_analysis/01_linear_regression_inference.py,30,0,30,0.724204290,0.723300243,0.003982629,0.718886180,0.732405259,12.029666667,12.000000000,0.135557173,11.820000000,12.290000000,16.611134751,16.546834465,0.188890462,16.350563695,16.984071064,11.792974864,11.763432777,0.135271305,11.584477961,12.052794041,16.284304593,16.220004307,0.188890462,16.023733537,16.657240906
original,script_8,8,original,base,python,statistical_modelling_analysis,02_logistic_regression_odds_ratios,/home/romakrut/PycharmProjects/masters-thesis/task_equivalents/python/statistical_modelling_analysis/02_logistic_regression_odds_ratios.py,30,0,30,0.756226526,0.755573680,0.003260769,0.750171890,0.764738026,12.538666667,12.520000000,0.132865847,12.300000000,12.770000000,16.580972812,16.560172554,0.198923971,16.176906376,16.943689263,12.291509032,12.273211532,0.133025104,12.051496927,12.523676956,16.254142654,16.233342396,0.198923971,15.850076218,16.616859105
original,script_9,9,original,base,r,data_manipulation_preprocessing,01_impute_encode_scale,/home/romakrut/PycharmProjects/masters-thesis/task_equivalents/r/data_manipulation_preprocessing/01_impute_encode_scale.R,30,0,30,0.092358582,0.092040134,0.003313458,0.087748825,0.099464096,1.375000000,1.370000000,0.039544824,1.310000000,1.470000000,14.912474712,14.922542671,0.812219645,13.360896593,16.407951370,1.344814430,1.339614818,0.040043125,1.278483384,1.440640799,14.585644554,14.595712513,0.812219645,13.034066435,16.081121212
original,script_10,10,original,base,r,data_manipulation_preprocessing,02_merge_aggregate_reshape,/home/romakrut/PycharmProjects/masters-thesis/task_equivalents/r/data_manipulation_preprocessing/02_merge_aggregate_reshape.R,30,0,30,0.093465618,0.093199029,0.003936978,0.087984595,0.105183462,1.397666667,1.400000000,0.033289051,1.340000000,1.490000000,14.984865645,14.989346825,0.828342794,12.739645326,16.521996077,1.367119284,1.370048736,0.033872487,1.305622872,1.460525539,14.658035487,14.662516667,0.828342794,12.412815168,16.195165919
original,script_11,11,original,base,r,data_visualization,01_scatter_trend_grouped,/home/romakrut/PycharmProjects/masters-thesis/task_equivalents/r/data_visualization/01_scatter_trend_grouped.R,30,0,30,0.114333972,0.114423751,0.002686374,0.109903586,0.119610380,1.736000000,1.730000000,0.043279365,1.680000000,1.870000000,15.192705330,15.070589524,0.550089880,14.393746839,16.264187657,1.698632210,1.692443826,0.043383998,1.642359974,1.831660479,14.865875172,14.743759366,0.550089880,14.066916681,15.937357499
original,script_12,12,original,base,r,data_visualization,02_distribution_boxplot,/home/romakrut/PycharmProjects/masters-thesis/task_equivalents/r/data_visualization/02_distribution_boxplot.R,30,0,30,0.117940834,0.118011914,0.003704395,0.112176802,0.131523131,1.809666667,1.800000000,0.050136595,1.750000000,1.930000000,15.360519849,15.203357181,0.689217412,13.305644313,16.670113309,1.771120045,1.762780175,0.050407229,1.707014274,1.890164067,15.033689691,14.876527023,0.689217412,12.978814155,16.343283151
original,script_13,13,original,base,r,machine_learning_workflows,01_pipeline_cv_gridsearch_classification,/home/romakrut/PycharmProjects/masters-thesis/task_equivalents/r/machine_learning_workflows/01_pipeline_cv_gridsearch_classification.R,30,0,30,2.017227517,2.009338517,0.015408510,2.000375048,2.058190635,36.028000000,36.065000000,0.510972028,34.670000000,36.890000000,17.861897613,17.916487305,0.331182694,17.121644999,18.428105778,35.368709212,35.408111863,0.513002158,34.008194339,36.234309261,17.535067455,17.589657147,0.331182694,16.794814841,18.101275620
original,script_14,14,original,base,r,machine_learning_workflows,02_regression_workflow_feature_importance,/home/romakrut/PycharmProjects/masters-thesis/task_equivalents/r/machine_learning_workflows/02_regression_workflow_feature_importance.R,30,0,30,1.487629501,1.488366254,0.013102470,1.469209833,1.508895730,25.463000000,25.430000000,0.302952711,24.730000000,25.920000000,17.117861165,17.141517828,0.259233843,16.581662671,17.512814999,24.976797815,24.943015217,0.303193646,24.245783442,25.435544850,16.791031007,16.814687670,0.259233843,16.254832513,17.185984841
original,script_15,15,original,base,r,statistical_modelling_analysis,01_linear_regression_inference,/home/romakrut/PycharmProjects/masters-thesis/task_equivalents/r/statistical_modelling_analysis/01_linear_regression_inference.R,30,0,30,0.099619299,0.098810268,0.003924616,0.094498606,0.111235654,1.495000000,1.480000000,0.041251959,1.430000000,1.590000000,15.026212550,15.054077849,0.649359773,13.258721603,16.614001692,1.462441409,1.448678419,0.041051863,1.397415455,1.553644834,14.699382392,14.727247691,0.649359773,12.931891445,16.287171534
original,script_16,16,original,base,r,statistical_modelling_analysis,02_logistic_regression_odds_ratios,/home/romakrut/PycharmProjects/masters-thesis/task_equivalents/r/statistical_modelling_analysis/02_logistic_regression_odds_ratios.R,30,0,30,0.105460080,0.105325864,0.002273126,0.101331602,0.112057820,1.598333333,1.580000000,0.068986922,1.510000000,1.870000000,15.162004638,14.962568143,0.714394582,14.238631966,17.390057568,1.563865799,1.545519473,0.068955684,1.475339821,1.834855068,14.835174480,14.635737985,0.714394582,13.911801808,17.063227410
translation,script_1,1,gemini,base,python,data_manipulation_preprocessing,01_impute_encode_scale,/home/romakrut/PycharmProjects/masters-thesis/task_equivalents/llm_translations/gemini/base/python/data_manipulation_preprocessing/01_impute_encode_scale.py,30,0,30,0.172756332,0.172794851,0.001127969,0.171197931,0.176598543,2.827000000,2.825000000,0.041948244,2.750000000,2.920000000,16.364126639,16.337932862,0.221170408,15.978294344,16.861236092,2.770538021,2.768519979,0.041796050,2.694015567,2.863400113,16.037296481,16.011102704,0.221170408,15.651464186,16.534405934
translation,script_2,2,gemini,base,python,data_manipulation_preprocessing,02_merge_aggregate_reshape,/home/romakrut/PycharmProjects/masters-thesis/task_equivalents/llm_translations/gemini/base/python/data_manipulation_preprocessing/02_merge_aggregate_reshape.py,30,0,30,0.173645823,0.173422072,0.000803648,0.172258551,0.176194861,2.835666667,2.825000000,0.052567417,2.750000000,2.980000000,16.330287971,16.272196429,0.299921378,15.857133935,17.195126271,2.778913975,2.768084301,0.052524466,2.693319963,2.923358725,16.003457813,15.945366271,0.299921378,15.530303777,16.868296113
translation,script_3,3,gemini,base,python,data_visualization,01_scatter_trend_grouped,/home/romakrut/PycharmProjects/masters-thesis/task_equivalents/llm_translations/gemini/base/python/data_visualization/01_scatter_trend_grouped.py,30,0,30,0.912085870,0.913036250,0.003770827,0.901418190,0.917444344,15.065000000,15.080000000,0.216902171,14.650000000,15.450000000,16.517176776,16.524076222,0.234674882,16.094019953,17.011915509,14.766902831,14.782274145,0.216671044,14.355389351,15.153177109,16.190346618,16.197246064,0.234674882,15.767189795,16.685085351
translation,script_4,4,gemini,base,python,data_visualization,02_distribution_boxplot,/home/romakrut/PycharmProjects/masters-thesis/task_equivalents/llm_translations/gemini/base/python/data_visualization/02_distribution_boxplot.py,30,0,30,0.482234777,0.482369045,0.002182489,0.478156870,0.485440214,8.051000000,8.035000000,0.088720794,7.890000000,8.260000000,16.695329895,16.689426342,0.181649282,16.331824871,17.034792485,7.893391131,7.876742575,0.088556094,7.732452026,8.101523335,16.368499737,16.362596184,0.181649282,16.004994713,16.707962327
translation,script_5,5,gemini,base,python,machine_learning_workflows,01_pipeline_cv_gridsearch_classification,/home/romakrut/PycharmProjects/masters-thesis/task_equivalents/llm_translations/gemini/base/python/machine_learning_workflows/01_pipeline_cv_gridsearch_classification.py,30,0,30,2.564756028,2.563350341,0.006588169,2.555886988,2.580498695,42.946333333,43.030000000,0.601495168,41.020000000,43.700000000,16.744732327,16.751969588,0.225485835,16.036291809,17.061092387,42.108093715,42.193650918,0.600844472,40.183985462,42.859827982,16.417902169,16.425139430,0.225485835,15.709461651,16.734262229
translation,script_6,6,gemini,base,python,machine_learning_workflows,02_regression_workflow_feature_importance,/home/romakrut/PycharmProjects/masters-thesis/task_equivalents/llm_translations/gemini/base/python/machine_learning_workflows/02_regression_workflow_feature_importance.py,30,0,30,12.270537466,12.256523871,0.043734071,12.213342949,12.358638318,194.409333333,194.545000000,2.142521771,190.960000000,198.390000000,15.843826112,15.870637179,0.187422273,15.492807142,16.216007058,190.398951635,190.549958808,2.143634713,186.967264879,194.391491932,15.516995954,15.543807021,0.187422273,15.165976984,15.889176900
translation,script_7,7,gemini,base,python,statistical_modelling_analysis,01_linear_regression_inference,/home/romakrut/PycharmProjects/masters-thesis/task_equivalents/llm_translations/gemini/base/python/statistical_modelling_analysis/01_linear_regression_inference.py,30,0,30,0.579274225,0.579537572,0.001579414,0.575955602,0.582190741,9.522333333,9.500000000,0.108363479,9.280000000,9.730000000,16.438424480,16.417867508,0.185219358,16.064035010,16.785402284,9.333009047,9.310550282,0.108281347,9.091194145,9.540546248,16.111594322,16.091037350,0.185219358,15.737204852,16.458572126
translation,script_8,8,gemini,base,python,statistical_modelling_analysis,02_logistic_regression_odds_ratios,/home/romakrut/PycharmProjects/masters-thesis/task_equivalents/llm_translations/gemini/base/python/statistical_modelling_analysis/02_logistic_regression_odds_ratios.py,30,0,30,0.730633183,0.730396679,0.002693853,0.725975556,0.734807398,11.973666667,11.945000000,0.148311958,11.770000000,12.300000000,16.388282697,16.360971039,0.211500304,16.031411812,16.747681435,11.734873708,11.706484194,0.148313444,11.530899068,12.059859524,16.061452539,16.034140881,0.211500304,15.704581654,16.420851277
translation,script_9,9,gemini,base,r,data_manipulation_preprocessing,01_impute_encode_scale,/home/romakrut/PycharmProjects/masters-thesis/task_equivalents/llm_translations/gemini/base/r/data_manipulation_preprocessing/01_impute_encode_scale.R,30,0,30,0.080946066,0.080237531,0.002410556,0.079655308,0.089810075,1.351000000,1.345000000,0.031551818,1.300000000,1.430000000,16.697692241,16.710314436,0.423169108,15.637768867,17.526205840,1.324544384,1.318633688,0.031133895,1.273912955,1.400647359,16.370862083,16.383484278,0.423169108,15.310938709,17.199375682
translation,script_10,10,gemini,base,r,data_manipulation_preprocessing,02_merge_aggregate_reshape,/home/romakrut/PycharmProjects/masters-thesis/task_equivalents/llm_translations/gemini/base/r/data_manipulation_preprocessing/02_merge_aggregate_reshape.R,30,0,30,0.080810215,0.080330272,0.001749712,0.079210445,0.089030173,1.359666667,1.360000000,0.029767297,1.310000000,1.420000000,16.830105764,16.753255306,0.414356955,15.837327419,17.822114513,1.333255451,1.333366262,0.029578118,1.283876208,1.393959385,16.503275606,16.426425148,0.414356955,15.510497261,17.495284355
translation,script_11,11,gemini,base,r,data_visualization,01_scatter_trend_grouped,/home/romakrut/PycharmProjects/masters-thesis/task_equivalents/llm_translations/gemini/base/r/data_visualization/01_scatter_trend_grouped.R,30,0,30,0.102898620,0.102895415,0.001574057,0.101188799,0.109907545,1.731333333,1.730000000,0.043607444,1.640000000,1.830000000,16.826201976,16.790311360,0.366256206,16.147870540,17.666118021,1.697702961,1.696247781,0.043346394,1.606806678,1.794078900,16.499371818,16.463481202,0.366256206,15.821040382,17.339287863
translation,script_12,12,gemini,base,r,data_visualization,02_distribution_boxplot,/home/romakrut/PycharmProjects/masters-thesis/task_equivalents/llm_translations/gemini/base/r/data_visualization/02_distribution_boxplot.R,30,0,30,0.104417075,0.104403686,0.000805590,0.103012321,0.105938416,1.730666667,1.715000000,0.042339623,1.670000000,1.830000000,16.574387740,16.456731981,0.376454693,15.998008047,17.390287621,1.696540018,1.680987901,0.042242299,1.635882855,1.795607286,16.247557582,16.129901823,0.376454693,15.671177889,17.063457463
translation,script_13,13,gemini,base,r,machine_learning_workflows,01_pipeline_cv_gridsearch_classification,/home/romakrut/PycharmProjects/masters-thesis/task_equivalents/llm_translations/gemini/base/r/machine_learning_workflows/01_pipeline_cv_gridsearch_classification.R,30,0,30,1.774797396,1.756847782,0.121970345,1.521442302,2.017114285,32.352333333,32.455000000,2.113636649,27.830000000,36.970000000,18.234898365,18.188357094,0.285891426,17.719803229,18.705469228,31.772276020,31.883431839,2.074830291,27.332746772,36.311258729,17.908068207,17.861526936,0.285891426,17.392973071,18.378639070
translation,script_14,14,gemini,base,r,machine_learning_workflows,02_regression_workflow_feature_importance,/home/romakrut/PycharmProjects/masters-thesis/task_equivalents/llm_translations/gemini/base/r/machine_learning_workflows/02_regression_workflow_feature_importance.R,30,0,30,2.785466232,2.788038202,0.010832493,2.764076883,2.806102494,47.654333333,47.600000000,0.784143211,45.640000000,48.920000000,17.108729149,17.093280624,0.305683394,16.331236207,17.629755634,46.743958965,46.689868590,0.785053754,44.726625885,48.009695968,16.781898991,16.766450466,0.305683394,16.004406049,17.302925476
translation,script_15,15,gemini,base,r,statistical_modelling_analysis,01_linear_regression_inference,/home/romakrut/PycharmProjects/masters-thesis/task_equivalents/llm_translations/gemini/base/r/statistical_modelling_analysis/01_linear_regression_inference.R,30,0,30,0.088737707,0.088340701,0.002179711,0.086407064,0.096858925,1.478666667,1.470000000,0.038482717,1.430000000,1.570000000,16.668486833,16.535245684,0.452690831,15.866725684,17.578297910,1.449664508,1.441043234,0.038194477,1.401116603,1.540809270,16.341656675,16.208415526,0.452690831,15.539895526,17.251467752
translation,script_16,16,gemini,base,r,statistical_modelling_analysis,02_logistic_regression_odds_ratios,/home/romakrut/PycharmProjects/masters-thesis/task_equivalents/llm_translations/gemini/base/r/statistical_modelling_analysis/02_logistic_regression_odds_ratios.R,30,0,30,0.091079714,0.090502768,0.002069514,0.088719117,0.098048288,1.537666667,1.510000000,0.108903099,1.430000000,1.980000000,16.876062698,16.622994672,0.992065803,15.910527678,20.812667607,1.507899069,1.480395780,0.108515466,1.400708895,1.948907219,16.549232540,16.296164514,0.992065803,15.583697520,20.485837449
translation,script_17,17,gemini,optimized,python,data_manipulation_preprocessing,01_impute_encode_scale,/home/romakrut/PycharmProjects/masters-thesis/task_equivalents/llm_translations/gemini/optimized/python/data_manipulation_preprocessing/01_impute_encode_scale.py,30,0,30,0.172296340,0.172217438,0.000464275,0.171585357,0.173490490,2.838000000,2.840000000,0.040547971,2.780000000,2.950000000,16.471437898,16.497742077,0.216947558,16.141921352,17.043476557,2.781688360,2.783781981,0.040474074,2.723712535,2.893430029,16.144607740,16.170911919,0.216947558,15.815091194,16.716646399
translation,script_18,18,gemini,optimized,python,data_manipulation_preprocessing,02_merge_aggregate_reshape,/home/romakrut/PycharmProjects/masters-thesis/task_equivalents/llm_translations/gemini/optimized/python/data_manipulation_preprocessing/02_merge_aggregate_reshape.py,30,0,30,0.617526968,0.617887558,0.002251714,0.613541163,0.622054003,9.986000000,9.975000000,0.120933153,9.760000000,10.170000000,16.171044599,16.153903054,0.194755371,15.759371805,16.530654973,9.784173564,9.773246412,0.120810880,9.557589499,9.968927344,15.844214441,15.827072895,0.194755371,15.432541647,16.203824815
translation,script_19,19,gemini,optimized,python,data_visualization,01_scatter_trend_grouped,/home/romakrut/PycharmProjects/masters-thesis/task_equivalents/llm_translations/gemini/optimized/python/data_visualization/01_scatter_trend_grouped.py,30,0,30,0.371753753,0.371768840,0.001141575,0.369528721,0.374417683,6.204000000,6.205000000,0.074814714,6.070000000,6.320000000,16.688575372,16.692711376,0.204022578,16.309027998,17.096609932,6.082499662,6.083453913,0.074788559,5.948358228,6.199182680,16.361745214,16.365881218,0.204022578,15.982197840,16.769779774
translation,script_20,20,gemini,optimized,python,data_visualization,02_distribution_boxplot,/home/romakrut/PycharmProjects/masters-thesis/task_equivalents/llm_translations/gemini/optimized/python/data_visualization/02_distribution_boxplot.py,30,0,30,0.482941030,0.483351527,0.001581829,0.478618469,0.485372988,8.126000000,8.140000000,0.090233414,7.920000000,8.290000000,16.826354260,16.875273790,0.204136994,16.356984444,17.198144765,7.968160307,7.982129962,0.090329436,7.761749874,8.132458472,16.499524102,16.548443632,0.204136994,16.030154286,16.871314607
translation,script_21,21,gemini,optimized,python,machine_learning_workflows,01_pipeline_cv_gridsearch_classification,/home/romakrut/PycharmProjects/masters-thesis/task_equivalents/llm_translations/gemini/optimized/python/machine_learning_workflows/01_pipeline_cv_gridsearch_classification.py,30,0,30,2.576282383,2.573650640,0.009628568,2.564021499,2.599930983,43.083666667,43.060000000,0.423584729,42.150000000,43.810000000,16.723232102,16.739124898,0.156418196,16.356683556,16.971932966,42.241659889,42.219900529,0.422609334,41.310627976,42.960264146,16.396401944,16.412294740,0.156418196,16.029853398,16.645102808
translation,script_22,22,gemini,optimized,python,machine_learning_workflows,02_regression_workflow_feature_importance,/home/romakrut/PycharmProjects/masters-thesis/task_equivalents/llm_translations/gemini/optimized/python/machine_learning_workflows/02_regression_workflow_feature_importance.py,30,0,30,12.209331725,12.203199055,0.041372333,12.145092625,12.355527100,195.252333333,194.865000000,2.299665168,190.350000000,199.390000000,15.992218463,15.949973869,0.194644992,15.586241625,16.343229456,191.261955517,190.866299973,2.299369663,186.358523282,195.395822550,15.665388305,15.623143711,0.194644992,15.259411467,16.016399298
translation,script_23,23,gemini,optimized,python,statistical_modelling_analysis,01_linear_regression_inference,/home/romakrut/PycharmProjects/masters-thesis/task_equivalents/llm_translations/gemini/optimized/python/statistical_modelling_analysis/01_linear_regression_inference.py,30,0,30,0.579221166,0.579143632,0.001780733,0.575959226,0.582328583,9.610333333,9.645000000,0.139493748,9.360000000,9.860000000,16.591986192,16.635800460,0.247210848,16.120658166,17.119267398,9.421026388,9.455811430,0.139506386,9.170235398,9.671759155,16.265156034,16.308970302,0.247210848,15.793828008,16.792437240
translation,script_24,24,gemini,optimized,python,statistical_modelling_analysis,02_logistic_regression_odds_ratios,/home/romakrut/PycharmProjects/masters-thesis/task_equivalents/llm_translations/gemini/optimized/python/statistical_modelling_analysis/02_logistic_regression_odds_ratios.py,30,0,30,0.730111945,0.730070987,0.003131767,0.724370100,0.735144393,11.921000000,11.920000000,0.133838554,11.670000000,12.200000000,16.328060087,16.297310606,0.207620842,15.925355275,16.692829918,11.682377397,11.679935394,0.134026155,11.430500920,11.960249186,16.001229929,15.970480449,0.207620842,15.598525117,16.365999760
translation,script_25,25,gemini,optimized,r,data_manipulation_preprocessing,01_impute_encode_scale,/home/romakrut/PycharmProjects/masters-thesis/task_equivalents/llm_translations/gemini/optimized/r/data_manipulation_preprocessing/01_impute_encode_scale.R,30,0,30,0.081210835,0.081264417,0.000615341,0.079661760,0.082581910,1.351333333,1.340000000,0.034213663,1.310000000,1.430000000,16.639999238,16.555527754,0.411054658,16.161964829,17.885529882,1.324791183,1.313481335,0.034165380,1.283557514,1.403868981,16.313169080,16.228697596,0.411054658,15.835134671,17.558699724
translation,script_26,26,gemini,optimized,r,data_manipulation_preprocessing,02_merge_aggregate_reshape,/home/romakrut/PycharmProjects/masters-thesis/task_equivalents/llm_translations/gemini/optimized/r/data_manipulation_preprocessing/02_merge_aggregate_reshape.R,30,0,30,0.081110346,0.081211518,0.000539934,0.079985729,0.082821795,1.340333333,1.335000000,0.034389587,1.290000000,1.420000000,16.525765717,16.439714059,0.449163757,15.961347412,17.753166943,1.313824026,1.308459839,0.034405166,1.263645079,1.393858252,16.198935559,16.112883901,0.449163757,15.634517254,17.426336785
translation,script_27,27,gemini,optimized,r,data_visualization,01_scatter_trend_grouped,/home/romakrut/PycharmProjects/masters-thesis/task_equivalents/llm_translations/gemini/optimized/r/data_visualization/01_scatter_trend_grouped.R,30,0,30,0.102753446,0.102171407,0.002247374,0.100094357,0.110038603,1.723666667,1.720000000,0.038280573,1.670000000,1.800000000,16.778829766,16.811123931,0.384356456,16.002984702,17.450837122,1.690083742,1.686671803,0.037959033,1.636804435,1.766247628,16.451999608,16.484293773,0.384356456,15.676154544,17.124006964
translation,script_28,28,gemini,optimized,r,data_visualization,02_distribution_boxplot,/home/romakrut/PycharmProjects/masters-thesis/task_equivalents/llm_translations/gemini/optimized/r/data_visualization/02_distribution_boxplot.R,30,0,30,0.103847301,0.103917900,0.000921418,0.102021735,0.105876096,1.709666667,1.710000000,0.042302958,1.640000000,1.830000000,16.462405905,16.412413478,0.338864228,16.004209592,17.497023618,1.675726237,1.676218214,0.042121306,1.606529991,1.795817090,16.135575747,16.085583320,0.338864228,15.677379434,17.170193460
translation,script_29,29,gemini,optimized,r,machine_learning_workflows,01_pipeline_cv_gridsearch_classification,/home/romakrut/PycharmProjects/masters-thesis/task_equivalents/llm_translations/gemini/optimized/r/machine_learning_workflows/01_pipeline_cv_gridsearch_classification.R,30,0,30,1.999233237,1.961573042,0.149721990,1.794539294,2.424003096,36.098000000,35.760000000,2.382531832,32.680000000,43.010000000,18.069284989,18.112273497,0.360266942,17.417037799,18.645415277,35.444590285,35.127166962,2.335302415,32.076505282,42.217762685,17.742454831,17.785443339,0.360266942,17.090207641,18.318585119
translation,script_30,30,gemini,optimized,r,machine_learning_workflows,02_regression_workflow_feature_importance,/home/romakrut/PycharmProjects/masters-thesis/task_equivalents/llm_translations/gemini/optimized/r/machine_learning_workflows/02_regression_workflow_feature_importance.R,30,0,30,2.523627573,2.482839356,0.224674696,2.458836343,3.709996264,43.486000000,43.590000000,0.514396868,41.960000000,44.840000000,17.324548477,17.512110075,1.098418991,11.609176111,17.807763860,42.661202402,42.780938061,0.529055141,41.145962166,44.016383671,16.997718319,17.185279917,1.098418991,11.282345953,17.480933702
translation,script_31,31,gemini,optimized,r,statistical_modelling_analysis,01_linear_regression_inference,/home/romakrut/PycharmProjects/masters-thesis/task_equivalents/llm_translations/gemini/optimized/r/statistical_modelling_analysis/01_linear_regression_inference.R,30,0,30,0.088508969,0.087923500,0.002220707,0.086462833,0.096735298,1.468000000,1.460000000,0.036045948,1.410000000,1.580000000,16.589722188,16.547756410,0.361610711,16.039396758,17.579807962,1.439072600,1.431414564,0.035603415,1.381319688,1.548383987,16.262892030,16.220926252,0.361610711,15.712566600,17.252977804
translation,script_32,32,gemini,optimized,r,statistical_modelling_analysis,02_logistic_regression_odds_ratios,/home/romakrut/PycharmProjects/masters-thesis/task_equivalents/llm_translations/gemini/optimized/r/statistical_modelling_analysis/02_logistic_regression_odds_ratios.R,30,0,30,0.090174915,0.090212555,0.001071653,0.088528927,0.095061285,1.485666667,1.480000000,0.034609480,1.420000000,1.580000000,16.475821582,16.422882591,0.352918385,15.814905201,17.508401519,1.456194785,1.450553451,0.034464705,1.390654340,1.548931105,16.148991424,16.096052433,0.352918385,15.488075043,17.181571361
translation,script_33,33,gpt,base,python,data_manipulation_preprocessing,01_impute_encode_scale,/home/romakrut/PycharmProjects/masters-thesis/task_equivalents/llm_translations/gpt/base/python/data_manipulation_preprocessing/01_impute_encode_scale.py,30,0,30,0.585262018,0.584988029,0.001955328,0.581926460,0.590572746,9.594666667,9.615000000,0.127731759,9.330000000,9.840000000,16.393720583,16.418371778,0.205185788,15.963560722,16.809937358,9.403385389,9.423416817,0.127503886,9.139107461,9.648684073,16.066890425,16.091541620,0.205185788,15.636730564,16.483107200
translation,script_34,34,gpt,base,python,data_manipulation_preprocessing,02_merge_aggregate_reshape,/home/romakrut/PycharmProjects/masters-thesis/task_equivalents/llm_translations/gpt/base/python/data_manipulation_preprocessing/02_merge_aggregate_reshape.py,30,0,30,0.173717782,0.173717571,0.000828661,0.171726871,0.175239984,2.832666667,2.835000000,0.034534674,2.770000000,2.920000000,16.306658081,16.280311903,0.225977685,15.902030358,16.913361070,2.775890457,2.778112819,0.034581966,2.713068934,2.863574547,15.979827923,15.953481745,0.225977685,15.575200200,16.586530912
translation,script_35,35,gpt,base,python,data_visualization,01_scatter_trend_grouped,/home/romakrut/PycharmProjects/masters-thesis/task_equivalents/llm_translations/gpt/base/python/data_visualization/01_scatter_trend_grouped.py,30,0,30,0.825311531,0.825947098,0.003457792,0.816523488,0.831595185,13.692000000,13.685000000,0.167792976,13.400000000,14.030000000,16.590008520,16.569282283,0.182774985,16.218252818,16.989253930,13.422263302,13.414778404,0.167286232,13.132442808,13.760098382,16.263178362,16.242452125,0.182774985,15.891422660,16.662423772
translation,script_36,36,gpt,base,python,data_visualization,02_distribution_boxplot,/home/romakrut/PycharmProjects/masters-thesis/task_equivalents/llm_translations/gpt/base/python/data_visualization/02_distribution_boxplot.py,30,0,30,0.458428179,0.458518391,0.001538299,0.454617925,0.461295475,7.570333333,7.585000000,0.087512889,7.370000000,7.740000000,16.513678915,16.524061233,0.183296906,16.103012540,16.798743566,7.420505179,7.434732287,0.087372317,7.220416917,7.589330409,16.186848757,16.197231075,0.183296906,15.776182382,16.471913408
translation,script_37,37,gpt,base,python,machine_learning_workflows,01_pipeline_cv_gridsearch_classification,/home/romakrut/PycharmProjects/masters-thesis/task_equivalents/llm_translations/gpt/base/python/machine_learning_workflows/01_pipeline_cv_gridsearch_classification.py,30,0,30,2.417467187,2.416129888,0.007029566,2.406951917,2.438191511,40.340000000,40.405000000,0.519309887,38.670000000,41.040000000,16.686751471,16.729880579,0.198156724,16.065962817,16.980112515,39.549898817,39.615416421,0.518283085,37.883335525,40.243640270,16.359921313,16.403050421,0.198156724,15.739132659,16.653282357
translation,script_38,38,gpt,base,python,machine_learning_workflows,02_regression_workflow_feature_importance,/home/romakrut/PycharmProjects/masters-thesis/task_equivalents/llm_translations/gpt/base/python/machine_learning_workflows/02_regression_workflow_feature_importance.py,30,0,30,12.232808552,12.227096847,0.029881910,12.175712112,12.297267529,196.142666667,196.075000000,2.514058312,191.830000000,200.460000000,16.034246981,16.039994565,0.209614764,15.603102153,16.403627423,192.144615915,192.076406432,2.514205866,187.811835625,196.465982592,15.707416823,15.713164407,0.209614764,15.276271995,16.076797265
translation,script_39,39,gpt,base,python,statistical_modelling_analysis,01_linear_regression_inference,/home/romakrut/PycharmProjects/masters-thesis/task_equivalents/llm_translations/gpt/base/python/statistical_modelling_analysis/01_linear_regression_inference.py,30,0,30,0.579911200,0.579607013,0.001791993,0.576567919,0.583013411,9.571333333,9.555000000,0.099229213,9.360000000,9.750000000,16.504983452,16.502301281,0.178731991,16.080999914,16.757285778,9.381800864,9.365970246,0.099237324,9.169767409,9.559592294,16.178153294,16.175471123,0.178731991,15.754169756,16.430455620
translation,script_40,40,gpt,base,python,statistical_modelling_analysis,02_logistic_regression_odds_ratios,/home/romakrut/PycharmProjects/masters-thesis/task_equivalents/llm_translations/gpt/base/python/statistical_modelling_analysis/02_logistic_regression_odds_ratios.py,30,0,30,0.732982706,0.734064525,0.003148131,0.726748762,0.737887843,12.094000000,12.105000000,0.154509234,11.750000000,12.340000000,16.499825379,16.500037001,0.208466066,16.008751531,16.822545295,11.854439146,11.864377390,0.154305080,11.510115313,12.099306322,16.172995221,16.173206843,0.208466066,15.681921373,16.495715137
translation,script_41,41,gpt,base,r,data_manipulation_preprocessing,01_impute_encode_scale,/home/romakrut/PycharmProjects/masters-thesis/task_equivalents/llm_translations/gpt/base/r/data_manipulation_preprocessing/01_impute_encode_scale.R,30,0,30,0.419810805,0.422290321,0.005776332,0.411798433,0.434010511,7.194000000,7.180000000,0.104834845,6.980000000,7.470000000,17.138114439,17.094616814,0.267084490,16.704664556,17.678025078,7.056793168,7.043097386,0.104108363,6.845076740,7.330505453,16.811284281,16.767786656,0.267084490,16.377834398,17.351194920
translation,script_42,42,gpt,base,r,data_manipulation_preprocessing,02_merge_aggregate_reshape,/home/romakrut/PycharmProjects/masters-thesis/task_equivalents/llm_translations/gpt/base/r/data_manipulation_preprocessing/02_merge_aggregate_reshape.R,30,0,30,0.426436040,0.428861593,0.004656665,0.418543150,0.430966072,7.415666667,7.395000000,0.093243594,7.260000000,7.610000000,17.391371338,17.421761198,0.256205384,16.934004408,18.049034383,7.276294508,7.257827796,0.092917411,7.119880340,7.472198861,17.064541180,17.094931040,0.256205384,16.607174250,17.722204225
translation,script_44,44,gpt,base,r,data_visualization,02_distribution_boxplot,/home/romakrut/PycharmProjects/masters-thesis/task_equivalents/llm_translations/gpt/base/r/data_visualization/02_distribution_boxplot.R,30,0,30,0.584281617,0.583578758,0.002264049,0.581358653,0.591553051,10.520333333,10.525000000,0.103905903,10.290000000,10.720000000,18.005722637,18.035437273,0.178309166,17.605131950,18.313309077,10.329372480,10.334270642,0.103770386,10.098971479,10.528684532,17.678892479,17.708607115,0.178309166,17.278301792,17.986478919
translation,script_45,45,gpt,base,r,machine_learning_workflows,01_pipeline_cv_gridsearch_classification,/home/romakrut/PycharmProjects/masters-thesis/task_equivalents/llm_translations/gpt/base/r/machine_learning_workflows/01_pipeline_cv_gridsearch_classification.R,30,0,30,2.295490549,2.239826391,0.185648215,2.058139661,3.009742135,41.804666667,41.045000000,3.418520282,37.560000000,55.000000000,18.212145969,18.245904806,0.252386198,17.655967808,18.621595043,41.054431128,40.315287590,3.358708813,36.887337889,54.016325502,17.885315811,17.919074648,0.252386198,17.329137650,18.294764885
translation,script_46,46,gpt,base,r,machine_learning_workflows,02_regression_workflow_feature_importance,/home/romakrut/PycharmProjects/masters-thesis/task_equivalents/llm_translations/gpt/base/r/machine_learning_workflows/02_regression_workflow_feature_importance.R,30,0,30,1.773843428,1.775660328,0.013644423,1.752753580,1.799673927,30.934333333,30.935000000,0.430962702,29.860000000,31.580000000,17.440266537,17.392244052,0.285045524,16.813788811,17.943044869,30.354587805,30.356363272,0.431261504,29.279574694,30.998297637,17.113436379,17.065413894,0.285045524,16.486958653,17.616214711
translation,script_48,48,gpt,base,r,statistical_modelling_analysis,02_logistic_regression_odds_ratios,/home/romakrut/PycharmProjects/masters-thesis/task_equivalents/llm_translations/gpt/base/r/statistical_modelling_analysis/02_logistic_regression_odds_ratios.R,30,0,30,0.415753000,0.413181882,0.005220529,0.410165441,0.425833394,7.104333333,7.110000000,0.097509799,6.880000000,7.310000000,17.090190732,17.143356611,0.300815774,16.313532706,17.509312669,6.968452715,6.975272393,0.097368173,6.742164037,7.172442626,16.763360574,16.816526453,0.300815774,15.986702548,17.182482511
translation,script_49,49,gpt,optimized,python,data_manipulation_preprocessing,01_impute_encode_scale,/home/romakrut/PycharmProjects/masters-thesis/task_equivalents/llm_translations/gpt/optimized/python/data_manipulation_preprocessing/01_impute_encode_scale.py,30,0,30,0.172942092,0.172944082,0.000625573,0.171162846,0.174072834,2.795000000,2.785000000,0.040064603,2.720000000,2.870000000,16.161792391,16.095224218,0.246757738,15.741817434,16.629461000,2.738477309,2.728469356,0.040092188,2.663527612,2.813593929,15.834962233,15.768394060,0.246757738,15.414987276,16.302630842
translation,script_50,50,gpt,optimized,python,data_manipulation_preprocessing,02_merge_aggregate_reshape,/home/romakrut/PycharmProjects/masters-thesis/task_equivalents/llm_translations/gpt/optimized/python/data_manipulation_preprocessing/02_merge_aggregate_reshape.py,30,0,30,0.173389613,0.173544930,0.000668479,0.171926392,0.174692563,2.866000000,2.865000000,0.037471828,2.800000000,2.930000000,16.529591095,16.475877454,0.233333783,16.173324715,16.928794313,2.809331045,2.808042682,0.037500578,2.743417667,2.873432926,16.202760937,16.149047296,0.233333783,15.846494557,16.601964155
translation,script_51,51,gpt,optimized,python,data_visualization,01_scatter_trend_grouped,/home/romakrut/PycharmProjects/masters-thesis/task_equivalents/llm_translations/gpt/optimized/python/data_visualization/01_scatter_trend_grouped.py,30,0,30,0.371523069,0.371397158,0.001663825,0.368020147,0.375326471,6.117333333,6.105000000,0.102416773,5.950000000,6.340000000,16.465283456,16.423372120,0.247595456,16.063461287,17.072707764,5.995908390,5.983348447,0.102148566,5.828940198,6.218630664,16.138453298,16.096541962,0.247595456,15.736631129,16.745877606
translation,script_52,52,gpt,optimized,python,data_visualization,02_distribution_boxplot,/home/romakrut/PycharmProjects/masters-thesis/task_equivalents/llm_translations/gpt/optimized/python/data_visualization/02_distribution_boxplot.py,30,0,30,0.459832845,0.459799929,0.001644406,0.456416836,0.463046252,7.666000000,7.660000000,0.084224659,7.530000000,7.860000000,16.671232463,16.649649969,0.168860987,16.389743367,17.096605214,7.515712758,7.509907253,0.084014563,7.379953369,7.709742975,16.344402305,16.322819811,0.168860987,16.062913209,16.769775056
translation,script_53,53,gpt,optimized,python,machine_learning_workflows,01_pipeline_cv_gridsearch_classification,/home/romakrut/PycharmProjects/masters-thesis/task_equivalents/llm_translations/gpt/optimized/python/machine_learning_workflows/01_pipeline_cv_gridsearch_classification.py,30,0,30,2.443803195,2.439787326,0.016655367,2.425810615,2.522965832,40.609000000,40.520000000,0.672459972,39.050000000,42.120000000,16.616729268,16.626744843,0.221686601,16.030799332,16.967800930,39.810291416,39.722292616,0.669016828,38.253862677,41.295418678,16.289899110,16.299914685,0.221686601,15.703969174,16.640970772
translation,script_54,54,gpt,optimized,python,machine_learning_workflows,02_regression_workflow_feature_importance,/home/romakrut/PycharmProjects/masters-thesis/task_equivalents/llm_translations/gpt/optimized/python/machine_learning_workflows/02_regression_workflow_feature_importance.py,30,0,30,12.245855177,12.238450025,0.033153982,12.170004960,12.328195664,195.335333333,195.680000000,2.912571720,188.690000000,200.620000000,15.951068476,15.952271243,0.229012641,15.471691320,16.400719466,191.333018551,191.674545862,2.909404758,184.704037429,196.622085980,15.624238318,15.625441085,0.229012641,15.144861162,16.073889308
translation,script_55,55,gpt,optimized,python,statistical_modelling_analysis,01_linear_regression_inference,/home/romakrut/PycharmProjects/masters-thesis/task_equivalents/llm_translations/gpt/optimized/python/statistical_modelling_analysis/01_linear_regression_inference.py,30,0,30,0.581159646,0.580995223,0.002391485,0.576560028,0.587111244,9.503666667,9.490000000,0.102670660,9.300000000,9.670000000,16.353167246,16.376068940,0.185691566,15.974916591,16.662692367,9.313726168,9.299852409,0.102633498,9.109731685,9.479567720,16.026337088,16.049238782,0.185691566,15.648086433,16.335862209
translation,script_56,56,gpt,optimized,python,statistical_modelling_analysis,02_logistic_regression_odds_ratios,/home/romakrut/PycharmProjects/masters-thesis/task_equivalents/llm_translations/gpt/optimized/python/statistical_modelling_analysis/02_logistic_regression_odds_ratios.py,30,0,30,0.731472403,0.731047509,0.002668505,0.727009013,0.736734178,12.068666667,12.065000000,0.142966920,11.750000000,12.310000000,16.499160821,16.493731658,0.187854284,16.151639876,16.831019082,11.829599426,11.824763479,0.142725972,11.512237495,12.069897825,16.172330663,16.166901500,0.187854284,15.824809718,16.504188924
translation,script_57,57,gpt,optimized,r,data_manipulation_preprocessing,01_impute_encode_scale,/home/romakrut/PycharmProjects/masters-thesis/task_equivalents/llm_translations/gpt/optimized/r/data_manipulation_preprocessing/01_impute_encode_scale.R,30,0,30,0.391343554,0.389943392,0.004186867,0.384283371,0.401100413,6.750666667,6.750000000,0.082375646,6.540000000,6.910000000,17.251109553,17.264693548,0.225660606,16.791547283,17.718390224,6.622763791,6.620945447,0.081907220,6.413168183,6.782539415,16.924279395,16.937863390,0.225660606,16.464717125,17.391560066
translation,script_58,58,gpt,optimized,r,data_manipulation_preprocessing,02_merge_aggregate_reshape,/home/romakrut/PycharmProjects/masters-thesis/task_equivalents/llm_translations/gpt/optimized/r/data_manipulation_preprocessing/02_merge_aggregate_reshape.R,30,0,30,0.385971235,0.384837918,0.003301653,0.382463965,0.394107740,6.639000000,6.640000000,0.074941356,6.510000000,6.830000000,17.201589924,17.164675280,0.213320235,16.712342526,17.662191711,6.512852960,6.513690654,0.074691967,6.384518730,6.703082377,16.874759766,16.837845122,0.213320235,16.385512368,17.335361553
translation,script_59,59,gpt,optimized,r,data_visualization,01_scatter_trend_grouped,/home/romakrut/PycharmProjects/masters-thesis/task_equivalents/llm_translations/gpt/optimized/r/data_visualization/01_scatter_trend_grouped.R,30,0,30,0.406201651,0.407716372,0.005444894,0.395846238,0.416456991,6.950333333,6.950000000,0.075451895,6.830000000,7.140000000,17.112806604,17.153367702,0.247533457,16.539442562,17.518583679,6.817574384,6.816384923,0.074942655,6.696858392,7.005956540,16.785976446,16.826537543,0.247533457,16.212612404,17.191753521
translation,script_60,60,gpt,optimized,r,data_visualization,02_distribution_boxplot,/home/romakrut/PycharmProjects/masters-thesis/task_equivalents/llm_translations/gpt/optimized/r/data_visualization/02_distribution_boxplot.R,30,0,30,0.367661944,0.368620000,0.004861077,0.359908684,0.377635018,6.381000000,6.385000000,0.073688534,6.240000000,6.520000000,17.357459981,17.339197073,0.232241550,16.965527628,18.019827321,6.260836989,6.265994141,0.073024388,6.122370988,6.401745114,17.030629823,17.012366915,0.232241550,16.638697470,17.692997163
translation,script_61,61,gpt,optimized,r,machine_learning_workflows,01_pipeline_cv_gridsearch_classification,/home/romakrut/PycharmProjects/masters-thesis/task_equivalents/llm_translations/gpt/optimized/r/machine_learning_workflows/01_pipeline_cv_gridsearch_classification.R,30,0,30,103.959037199,101.800452136,5.977797402,96.200337619,116.842010434,1857.952000000,1844.020000000,102.650006211,1692.070000000,2089.420000000,17.875374352,17.833600612,0.234004451,17.485662840,18.370616619,1823.975051447,1810.889293161,100.747971068,1660.628828456,2051.411849578,17.548544194,17.506770454,0.234004451,17.158832682,18.043786461
translation,script_62,62,gpt,optimized,r,machine_learning_workflows,02_regression_workflow_feature_importance,/home/romakrut/PycharmProjects/masters-thesis/task_equivalents/llm_translations/gpt/optimized/r/machine_learning_workflows/02_regression_workflow_feature_importance.R,30,0,30,1.742035885,1.740623010,0.011397867,1.726433611,1.761019707,30.469666667,30.415000000,0.412456755,29.480000000,31.210000000,17.491171957,17.529211826,0.234684047,17.007538674,17.896345935,29.900316803,29.850405419,0.411501257,28.913489275,30.635836969,17.164341799,17.202381668,0.234684047,16.680708516,17.569515777
translation,script_63,63,gpt,optimized,r,statistical_modelling_analysis,01_linear_regression_inference,/home/romakrut/PycharmProjects/masters-thesis/task_equivalents/llm_translations/gpt/optimized/r/statistical_modelling_analysis/01_linear_regression_inference.R,30,0,30,0.385435653,0.385174557,0.002490795,0.380542585,0.391957954,6.738666667,6.745000000,0.070697673,6.580000000,6.900000000,17.483913379,17.486203816,0.212093533,16.990978658,17.892781583,6.612694671,6.618846888,0.070677438,6.453430337,6.773964365,17.157083221,17.159373658,0.212093533,16.664148500,17.565951425
translation,script_64,64,gpt,optimized,r,statistical_modelling_analysis,02_logistic_regression_odds_ratios,/home/romakrut/PycharmProjects/masters-thesis/task_equivalents/llm_translations/gpt/optimized/r/statistical_modelling_analysis/02_logistic_regression_odds_ratios.R,30,0,30,0.344555548,0.346097200,0.004355731,0.336981182,0.350824599,5.842000000,5.850000000,0.068551516,5.710000000,5.980000000,16.957098277,16.903785691,0.247591215,16.588012559,17.511833209,5.729388856,5.736403563,0.068158529,5.599505765,5.866546329,16.630268119,16.576955533,0.247591215,16.261182401,17.185003051
translation,script_66,66,llama,base,python,data_manipulation_preprocessing,02_merge_aggregate_reshape,/home/romakrut/PycharmProjects/masters-thesis/task_equivalents/llm_translations/llama/base/python/data_manipulation_preprocessing/02_merge_aggregate_reshape.py,30,0,30,0.618431305,0.619095343,0.002034682,0.613426104,0.622009866,9.945333333,9.900000000,0.118022012,9.810000000,10.280000000,16.081873606,16.021072918,0.210875082,15.826562940,16.643749338,9.743211332,9.698976813,0.118195049,9.607416289,10.077836018,15.755043448,15.694242760,0.210875082,15.499732782,16.316919180
translation,script_67,67,llama,base,python,data_visualization,01_scatter_trend_grouped,/home/romakrut/PycharmProjects/masters-thesis/task_equivalents/llm_translations/llama/base/python/data_visualization/01_scatter_trend_grouped.py,30,0,30,0.826591630,0.827212085,0.002774691,0.816394213,0.830687343,13.751333333,13.740000000,0.185913093,13.460000000,14.140000000,16.636390818,16.602273949,0.233250234,16.221742240,17.119741762,13.481178260,13.469210981,0.185943077,13.188812487,13.870055599,16.309560660,16.275443791,0.233250234,15.894912082,16.792911604
translation,script_68,68,llama,base,python,data_visualization,02_distribution_boxplot,/home/romakrut/PycharmProjects/masters-thesis/task_equivalents/llm_translations/llama/base/python/data_visualization/02_distribution_boxplot.py,30,0,30,0.473745265,0.473823263,0.002079588,0.469534523,0.478129200,7.844666667,7.855000000,0.111687166,7.610000000,8.030000000,16.558957234,16.583836213,0.233737754,16.061641787,16.917102622,7.689832427,7.699803530,0.111565943,7.455147991,7.874610463,16.232127076,16.257006055,0.233737754,15.734811629,16.590272464
translation,script_69,69,llama,base,python,machine_learning_workflows,01_pipeline_cv_gridsearch_classification,/home/romakrut/PycharmProjects/masters-thesis/task_equivalents/llm_translations/llama/base/python/machine_learning_workflows/01_pipeline_cv_gridsearch_classification.py,30,0,30,2.283745756,2.282165629,0.009290696,2.268293857,2.310649886,37.694666667,37.865000000,0.630570258,35.750000000,38.540000000,16.505645224,16.567440543,0.269269210,15.717055287,16.872802078,36.948269681,37.118022528,0.629878382,35.006592413,37.793471105,16.178815066,16.240610385,0.269269210,15.390225129,16.545971920
translation,script_70,70,llama,base,python,machine_learning_workflows,02_regression_workflow_feature_importance,/home/romakrut/PycharmProjects/masters-thesis/task_equivalents/llm_translations/llama/base/python/machine_learning_workflows/02_regression_workflow_feature_importance.py,30,0,30,12.213269794,12.212473652,0.033367276,12.151780222,12.279010362,195.287666667,194.970000000,2.001488555,191.090000000,198.980000000,15.989696946,15.970608404,0.147495354,15.710528145,16.280858905,191.296001770,190.969281190,1.996163964,187.114705579,194.970310154,15.662866788,15.643778246,0.147495354,15.383697987,15.954028747
translation,script_71,71,llama,base,python,statistical_modelling_analysis,01_linear_regression_inference,/home/romakrut/PycharmProjects/masters-thesis/task_equivalents/llm_translations/llama/base/python/statistical_modelling_analysis/01_linear_regression_inference.py,30,0,30,0.723970236,0.723688587,0.002644765,0.719522539,0.728843346,12.009666667,12.015000000,0.151691232,11.740000000,12.270000000,16.588950603,16.575846429,0.227175895,16.185059026,16.947963823,11.773051360,11.777762506,0.151831342,11.503941616,12.033381249,16.262120445,16.249016271,0.227175895,15.858228868,16.621133665
translation,script_72,72,llama,base,python,statistical_modelling_analysis,02_logistic_regression_odds_ratios,/home/romakrut/PycharmProjects/masters-thesis/task_equivalents/llm_translations/llama/base/python/statistical_modelling_analysis/02_logistic_regression_odds_ratios.py,30,0,30,0.632701713,0.632919643,0.002539269,0.626656786,0.636318353,10.486333333,10.510000000,0.148335206,10.220000000,10.770000000,16.574028374,16.608225287,0.234513899,16.172349852,16.956069246,10.279547333,10.302482877,0.148221775,10.015189664,10.562407028,16.247198216,16.281395129,0.234513899,15.845519694,16.629239088
translation,script_76,76,llama,base,r,data_visualization,02_distribution_boxplot,/home/romakrut/PycharmProjects/masters-thesis/task_equivalents/llm_translations/llama/base/r/data_visualization/02_distribution_boxplot.R,30,0,30,1.003323185,1.002255618,0.004936471,0.996522959,1.013175813,17.905666667,17.890000000,0.186689551,17.530000000,18.270000000,17.846924493,17.841436333,0.218347279,17.376614297,18.251962814,17.577750392,17.563574018,0.186967937,17.200284868,17.940653735,17.520094335,17.514606175,0.218347279,17.049784139,17.925132656
translation,script_81,81,llama,optimized,python,data_manipulation_preprocessing,01_impute_encode_scale,/home/romakrut/PycharmProjects/masters-thesis/task_equivalents/llm_translations/llama/optimized/python/data_manipulation_preprocessing/01_impute_encode_scale.py,30,0,30,0.586699010,0.586847741,0.001624223,0.583165182,0.589078926,9.642666667,9.635000000,0.096129702,9.500000000,9.910000000,16.435655990,16.392568364,0.177746605,16.152017064,16.950558503,9.450915737,9.442768382,0.096223975,9.309322524,9.718921525,16.108825832,16.065738206,0.177746605,15.825186906,16.623728345
translation,script_82,82,llama,optimized,python,data_manipulation_preprocessing,02_merge_aggregate_reshape,/home/romakrut/PycharmProjects/masters-thesis/task_equivalents/llm_translations/llama/optimized/python/data_manipulation_preprocessing/02_merge_aggregate_reshape.py,30,0,30,0.173237963,0.173284114,0.000765709,0.171251672,0.174473173,2.841333333,2.840000000,0.042404728,2.770000000,2.920000000,16.401365641,16.399351079,0.236517154,15.970602928,16.992534823,2.784713943,2.783465000,0.042338712,2.713313378,2.863186434,16.074535483,16.072520921,0.236517154,15.643772770,16.665704665
translation,script_83,83,llama,optimized,python,data_visualization,01_scatter_trend_grouped,/home/romakrut/PycharmProjects/masters-thesis/task_equivalents/llm_translations/llama/optimized/python/data_visualization/01_scatter_trend_grouped.py,30,0,30,0.827597203,0.827915346,0.003545217,0.820020609,0.833917741,13.747333333,13.705000000,0.159566943,13.500000000,14.070000000,16.611294349,16.567107840,0.193558768,16.334084367,16.999572751,13.476849609,13.434261180,0.159364240,13.229910138,13.799181333,16.284464191,16.240277682,0.193558768,16.007254209,16.672742593
translation,script_84,84,llama,optimized,python,data_visualization,02_distribution_boxplot,/home/romakrut/PycharmProjects/masters-thesis/task_equivalents/llm_translations/llama/optimized/python/data_visualization/02_distribution_boxplot.py,30,0,30,0.473183836,0.473570879,0.001702043,0.469050209,0.475403261,7.789333333,7.765000000,0.092286411,7.590000000,8.010000000,16.461619049,16.412990726,0.193048989,16.004271618,16.854511140,7.634682585,7.610493369,0.092185350,7.435001325,7.854676031,16.134788891,16.086160568,0.193048989,15.677441460,16.527680982
translation,script_88,88,llama,optimized,python,statistical_modelling_analysis,02_logistic_regression_odds_ratios,/home/romakrut/PycharmProjects/masters-thesis/task_equivalents/llm_translations/llama/optimized/python/statistical_modelling_analysis/02_logistic_regression_odds_ratios.py,30,0,30,0.630515676,0.630067662,0.002070994,0.628197936,0.635356527,10.333333333,10.325000000,0.137798787,10.120000000,10.580000000,16.388790760,16.383789657,0.218841240,15.975282489,16.822256828,10.127261795,10.119032833,0.137721949,9.914522202,10.374447136,16.061960602,16.056959499,0.218841240,15.648452331,16.495426670
translation,script_97,97,starcoder,base,python,data_manipulation_preprocessing,01_impute_encode_scale,/home/romakrut/PycharmProjects/masters-thesis/task_equivalents/llm_translations/starcoder/base/python/data_manipulation_preprocessing/01_impute_encode_scale.py,30,0,30,0.586756218,0.585171889,0.006757888,0.582581893,0.618212351,9.698333333,9.640000000,0.315015964,9.380000000,11.060000000,16.525503975,16.490226580,0.359089983,16.065236919,17.890292845,9.506563706,9.448941997,0.312989316,9.189173877,10.857949560,16.198673817,16.163396422,0.359089983,15.738406761,17.563462687
translation,script_98,98,starcoder,base,python,data_manipulation_preprocessing,02_merge_aggregate_reshape,/home/romakrut/PycharmProjects/masters-thesis/task_equivalents/llm_translations/starcoder/base/python/data_manipulation_preprocessing/02_merge_aggregate_reshape.py,30,0,30,0.615657614,0.616027964,0.001482041,0.612683707,0.618358842,10.081000000,10.055000000,0.143005908,9.840000000,10.400000000,16.374192275,16.311123170,0.216054320,16.039409725,16.839970746,9.879784525,9.853525314,0.142773412,9.639682691,10.198156796,16.047362117,15.984293012,0.216054320,15.712579567,16.513140588
translation,script_99,99,starcoder,base,python,data_visualization,01_scatter_trend_grouped,/home/romakrut/PycharmProjects/masters-thesis/task_equivalents/llm_translations/starcoder/base/python/data_visualization/01_scatter_trend_grouped.py,30,0,30,0.824985052,0.825609296,0.003263595,0.818082707,0.830416969,13.698333333,13.710000000,0.194972736,13.370000000,14.060000000,16.604556382,16.605921445,0.242644686,16.151506260,17.036510067,13.428703338,13.440165984,0.194932878,13.099454384,13.789056904,16.277726224,16.279091287,0.242644686,15.824676102,16.709679909
translation,script_100,100,starcoder,base,python,data_visualization,02_distribution_boxplot,/home/romakrut/PycharmProjects/masters-thesis/task_equivalents/llm_translations/starcoder/base/python/data_visualization/02_distribution_boxplot.py,30,0,30,0.419550503,0.419626326,0.001041858,0.417744564,0.422607480,6.846000000,6.845000000,0.091861965,6.630000000,7.030000000,16.317357939,16.308368867,0.206856815,15.857202253,16.743221973,6.708878243,6.707884113,0.091731133,6.493350173,6.892773365,15.990527781,15.981538709,0.206856815,15.530372095,16.416391815
translation,script_103,103,starcoder,base,python,statistical_modelling_analysis,01_linear_regression_inference,/home/romakrut/PycharmProjects/masters-thesis/task_equivalents/llm_translations/starcoder/base/python/statistical_modelling_analysis/01_linear_regression_inference.py,30,0,30,0.628420099,0.628426884,0.001089326,0.626406451,0.630637340,10.419333333,10.405000000,0.117764620,10.150000000,10.700000000,16.580252184,16.559846200,0.189654375,16.167971197,17.023477942,10.213946693,10.199629530,0.117765568,9.944821127,10.494572960,16.253422026,16.233016042,0.189654375,15.841141039,16.696647784
translation,script_104,104,starcoder,base,python,statistical_modelling_analysis,02_logistic_regression_odds_ratios,/home/romakrut/PycharmProjects/masters-thesis/task_equivalents/llm_translations/starcoder/base/python/statistical_modelling_analysis/02_logistic_regression_odds_ratios.py,30,0,30,0.632422983,0.633162124,0.002233648,0.628868989,0.636851420,10.453333333,10.460000000,0.121494525,10.210000000,10.680000000,16.529139208,16.532743940,0.193750035,16.135633190,16.927278148,10.246638430,10.252885785,0.121405340,10.004234557,10.473791651,16.202309050,16.205913782,0.193750035,15.808803032,16.600447990
translation,script_105,105,starcoder,base,r,data_manipulation_preprocessing,01_impute_encode_scale,/home/romakrut/PycharmProjects/masters-thesis/task_equivalents/llm_translations/starcoder/base/r/data_manipulation_preprocessing/01_impute_encode_scale.R,30,0,30,1.220421995,1.219032843,0.004509318,1.214441558,1.233676895,21.527333333,21.540000000,0.196765804,21.050000000,21.840000000,17.639397821,17.649698490,0.164231169,17.162359206,17.880024637,21.128462620,21.141409625,0.196547123,20.649135833,21.440785189,17.312567663,17.322868332,0.164231169,16.835529048,17.553194479
translation,script_120,120,starcoder,optimized,python,statistical_modelling_analysis,02_logistic_regression_odds_ratios,/home/romakrut/PycharmProjects/masters-thesis/task_equivalents/llm_translations/starcoder/optimized/python/statistical_modelling_analysis/02_logistic_regression_odds_ratios.py,30,0,30,0.632393847,0.631468366,0.002557587,0.628961945,0.636917221,10.279666667,10.300000000,0.108928427,10.070000000,10.510000000,16.255533274,16.240934952,0.194375777,15.932398129,16.650885090,10.072981286,10.092888329,0.109069670,9.863428480,10.303557519,15.928703116,15.914104794,0.194375777,15.605567971,16.324054932
translation,script_121,121,starcoder,optimized,r,data_manipulation_preprocessing,01_impute_encode_scale,/home/romakrut/PycharmProjects/masters-thesis/task_equivalents/llm_translations/starcoder/optimized/r/data_manipulation_preprocessing/01_impute_encode_scale.R,30,0,30,1.232241534,1.231473673,0.004157522,1.226805911,1.245094467,21.646000000,21.690000000,0.264361299,21.110000000,22.050000000,17.566658093,17.623721662,0.230747897,17.053239630,17.939906935,21.243266305,21.288657797,0.264566211,20.705420883,21.648291953,17.239827935,17.296891504,0.230747897,16.726409472,17.613076777
translation,script_125,125,starcoder,optimized,r,machine_learning_workflows,01_pipeline_cv_gridsearch_classification,/home/romakrut/PycharmProjects/masters-thesis/task_equivalents/llm_translations/starcoder/optimized/r/machine_learning_workflows/01_pipeline_cv_gridsearch_classification.R,30,0,30,2.407264122,2.404036341,0.027491336,2.366939864,2.456396599,42.775333333,42.865000000,0.532882424,41.700000000,44.160000000,17.770111672,17.731771858,0.196751710,17.333383135,18.110967491,41.988566820,42.083223099,0.527749542,40.921993802,43.358295454,17.443281514,17.404941700,0.196751710,17.006552977,17.784137333
translation_long,script_109,109,starcoder,base,r,machine_learning_workflows,01_pipeline_cv_gridsearch_classification,/home/romakrut/PycharmProjects/masters-thesis/task_equivalents/llm_translations/starcoder/base/r/machine_learning_workflows/01_pipeline_cv_gridsearch_classification.R,5,0,5,1166.775944600,1165.401048650,15.863326029,1147.640819858,1187.655044305,19865.852000000,19812.690000000,654.592129245,19017.660000000,20835.170000000,17.028520178,16.838154119,0.601871233,16.565449786,18.015270369,19484.514433676,19428.123820275,654.413329942,18642.576369519,20457.181673228,16.701690020,16.511323961,0.601871233,16.238619628,17.688440211
