group_name,n_runs,spearman_rho_elapsed_vs_energy,p_value,elapsed_mean,energy_mean,dataset,model,prompt_type,language,category,snippet,p_value_fdr_bh
overall_by_dataset,480,0.9908014970951473,0.0,1.4921030551333334,27.2460625,original,,,,,,0.0
overall_by_dataset,2550,0.9965259263306673,0.0,2.6535983588945093,45.42010980392157,translation,,,,,,0.0
by_model_prompt_language,240,0.9784725092953229,4.0931205409664653e-165,2.2357404631333333,35.95379166666667,,gemini,base,python,,,7.016778070228226e-164
by_model_prompt_language,240,0.9596248401063499,4.2375449868965164e-133,0.6386441282666666,11.149458333333335,,gemini,base,r,,,5.0850539842758194e-132
by_model_prompt_language,240,0.9856642714169155,6.083573451378068e-186,2.2174331638291664,35.87766666666666,,gemini,optimized,python,,,2.4334293805512273e-184
by_model_prompt_language,240,0.9648390601491229,4.1277546180101535e-140,0.6338083277833333,11.082833333333333,,gemini,optimized,r,,,5.503672824013538e-139
by_model_prompt_language,240,0.978860942890027,4.797347816507945e-166,2.2507361445125,36.47970833333333,,gpt,base,python,,,9.59469563301589e-165
by_model_prompt_language,180,0.94510084261968,2.175445658097046e-88,0.9859359065277775,17.495555555555555,,gpt,base,r,,,1.7403565264776368e-87
by_model_prompt_language,240,0.9789003842601148,3.850322226748069e-166,2.1474972550625,34.620125,,gpt,optimized,python,,,9.240773344195367e-165
by_model_prompt_language,240,0.9570337236298742,5.949759411431784e-130,13.497780333608334,240.96541666666664,,gpt,optimized,r,,,6.490646630652854e-129
by_model_prompt_language,210,0.9804770577101324,6.786327419272451e-149,2.5389222425238094,41.002809523809525,,llama,base,python,,,1.0179491128908676e-147
by_model_prompt_language,30,-0.12003123719891018,0.5275219582960938,1.0033231851666666,17.905666666666665,,llama,base,r,,,0.66634352626875
by_model_prompt_language,150,0.9686664371732931,2.0098936517216987e-91,0.53824673756,8.870800000000001,,llama,optimized,python,,,1.8552864477431065e-90
by_model_prompt_language,240,0.9855407934236258,1.675858078252475e-185,2.4682016847875,45.62929166666667,,original,base,python,,,5.027574234757425e-184
by_model_prompt_language,240,0.9408612174327761,7.30452647822444e-114,0.5160044254791667,8.862833333333333,,original,base,r,,,7.30452647822444e-113
by_model_prompt_language,180,0.9459435852551332,5.7012189362611664e-89,0.6179654113222223,10.199388888888889,,starcoder,base,python,,,4.886759088223857e-88
by_model_prompt_language,30,0.25122510008951965,0.18052455042873597,1.2204219951,21.527333333333328,,starcoder,base,r,,,0.355130263138497
by_model_prompt_language,30,-0.1770152225636985,0.3493899208643675,0.6323938469,10.279666666666666,,starcoder,optimized,python,,,0.53752295517595
by_model_prompt_language,60,0.7892850223329612,6.787569601931562e-14,1.8197528283666669,32.21066666666666,,starcoder,optimized,r,,,4.0725417611589375e-13
by_candidate,30,0.3430054678840568,0.06350547491581993,0.1727563323,2.8269999999999995,,gemini,base,python,data_manipulation_preprocessing,01_impute_encode_scale,0.16057105571733798
by_candidate,30,0.14209243299182833,0.45384801072844416,0.1736458229333334,2.8356666666666666,,gemini,base,python,data_manipulation_preprocessing,02_merge_aggregate_reshape,0.6051306809712589
by_candidate,30,0.1676127137656198,0.37597873619329103,0.9120858702666667,15.065000000000001,,gemini,base,python,data_visualization,01_scatter_trend_grouped,0.5436426329354698
by_candidate,30,0.24234342720760393,0.196945493392613,0.48223477750000004,8.050999999999998,,gemini,base,python,data_visualization,02_distribution_boxplot,0.38118482592118647
by_candidate,30,0.3405297466241612,0.065566514417913,2.5647560284333335,42.946333333333335,,gemini,base,python,machine_learning_workflows,01_pipeline_cv_gridsearch_classification,0.16057105571733798
by_candidate,30,-0.017577038711502627,0.9265474619062926,12.2705374663,194.40933333333334,,gemini,base,python,machine_learning_workflows,02_regression_workflow_feature_importance,0.9668321341630879
by_candidate,30,0.1803391948550263,0.3402674511289734,0.5792742247333333,9.522333333333336,,gemini,base,python,statistical_modelling_analysis,01_linear_regression_inference,0.5372643965194317
by_candidate,30,-0.053205710886124934,0.7800648517740729,0.7306331826000001,11.973666666666666,,gemini,base,python,statistical_modelling_analysis,02_logistic_regression_odds_ratios,0.8794983559225408
by_candidate,30,0.16796507876746308,0.37496153458746095,0.08094606609999998,1.351,,gemini,base,r,data_manipulation_preprocessing,01_impute_encode_scale,0.5436426329354698
by_candidate,30,0.19699677297851745,0.29675555668330966,0.08081021500000002,1.3596666666666666,,gemini,base,r,data_manipulation_preprocessing,02_merge_aggregate_reshape,0.48217320135440805
by_candidate,30,0.09002587044147356,0.6361401239727495,0.10289861996666666,1.7313333333333334,,gemini,base,r,data_visualization,01_scatter_trend_grouped,0.7432560023868314
by_candidate,30,0.40915919544966517,0.024759140166603633,0.1044170754,1.730666666666667,,gemini,base,r,data_visualization,02_distribution_boxplot,0.07818675842085358
by_candidate,30,0.9709645181898414,6.207489763964113e-19,1.7747973962333334,32.352333333333334,,gemini,base,r,machine_learning_workflows,01_pipeline_cv_gridsearch_classification,4.655617322973085e-18
by_candidate,30,-0.21292691198617741,0.2585993821382853,2.7854662318666668,47.654333333333334,,gemini,base,r,machine_learning_workflows,02_regression_workflow_feature_importance,0.4631630724864812
by_candidate,30,0.20690091382345688,0.2726355537484381,0.08873770713333333,1.4786666666666666,,gemini,base,r,statistical_modelling_analysis,01_linear_regression_inference,0.4673752349973225
by_candidate,30,0.4897935868094091,0.006008707507835638,0.09107971443333335,1.5376666666666665,,gemini,base,r,statistical_modelling_analysis,02_logistic_regression_odds_ratios,0.022896876171039127
by_candidate,30,0.4326309147980292,0.01694919298328755,0.1722963398,2.8380000000000005,,gemini,optimized,python,data_manipulation_preprocessing,01_impute_encode_scale,0.054970355621473135
by_candidate,30,0.10045669638844612,0.5973720505779777,0.6175269676666666,9.986,,gemini,optimized,python,data_manipulation_preprocessing,02_merge_aggregate_reshape,0.7168464606935733
by_candidate,30,0.16687181447767413,0.3781227975388215,0.3717537531333333,6.203999999999999,,gemini,optimized,python,data_visualization,01_scatter_trend_grouped,0.5436426329354698
by_candidate,30,-0.15038447316045392,0.42765181158850774,0.48294103043333336,8.125999999999998,,gemini,optimized,python,data_visualization,02_distribution_boxplot,0.583161561257056
by_candidate,30,0.28723996172847965,0.123787900717302,2.5762823825999996,43.08366666666667,,gemini,optimized,python,machine_learning_workflows,01_pipeline_cv_gridsearch_classification,0.26525978725136146
by_candidate,30,0.04828123291640595,0.7999915593878816,12.209331725166665,195.25233333333333,,gemini,optimized,python,machine_learning_workflows,02_regression_workflow_feature_importance,0.8794983559225408
by_candidate,30,0.05209262070022273,0.7845574800024088,0.5792211664,9.610333333333333,,gemini,optimized,python,statistical_modelling_analysis,01_linear_regression_inference,0.8794983559225408
by_candidate,30,-0.20155914501863056,0.28548217658664216,0.7301119454333335,11.921,,gemini,optimized,python,statistical_modelling_analysis,02_logistic_regression_odds_ratios,0.48217320135440805
by_candidate,30,0.34084937572022567,0.06529753129421088,0.08121083523333335,1.3513333333333335,,gemini,optimized,r,data_manipulation_preprocessing,01_impute_encode_scale,0.16057105571733798
by_candidate,30,-0.022638764390544786,0.90547837535138,0.08111034583333332,1.3403333333333336,,gemini,optimized,r,data_manipulation_preprocessing,02_merge_aggregate_reshape,0.9531351319488209
by_candidate,30,0.4024273236027884,0.0274758342108877,0.10275344639999999,1.7236666666666662,,gemini,optimized,r,data_visualization,01_scatter_trend_grouped,0.0824275026326631
by_candidate,30,0.5416403228356603,0.001992885027827261,0.1038473005,1.7096666666666667,,gemini,optimized,r,data_visualization,02_distribution_boxplot,0.009964425139136306
by_candidate,30,0.9384803706976973,1.865394193946711e-14,1.9992332368333332,36.098,,gemini,optimized,r,machine_learning_workflows,01_pipeline_cv_gridsearch_classification,1.2435961292978073e-13
by_candidate,30,0.20916778443967393,0.26729873569834645,2.5236275726333335,43.486000000000004,,gemini,optimized,r,machine_learning_workflows,02_regression_workflow_feature_importance,0.4648673664319069
by_candidate,30,-0.004493082103940026,0.9812003988912772,0.08850896936666668,1.4680000000000002,,gemini,optimized,r,statistical_modelling_analysis,01_linear_regression_inference,0.9888268136710197
by_candidate,30,0.11772820151502189,0.5355310463826279,0.09017491546666666,1.4856666666666667,,gemini,optimized,r,statistical_modelling_analysis,02_logistic_regression_odds_ratios,0.6694138079782849
by_candidate,30,0.44187109802979335,0.01449691096306723,0.5852620178,9.594666666666667,,gpt,base,python,data_manipulation_preprocessing,01_impute_encode_scale,0.048323036543557435
by_candidate,30,-0.07011027088890695,0.7127642633900109,0.1737177819,2.8326666666666664,,gpt,base,python,data_manipulation_preprocessing,02_merge_aggregate_reshape,0.8224203039115511
by_candidate,30,0.40663643622487944,0.025750230101063698,0.8253115312666667,13.691999999999998,,gpt,base,python,data_visualization,01_scatter_trend_grouped,0.07923147723404214
by_candidate,30,0.1951656273904558,0.301358250846505,0.4584281792333333,7.570333333333334,,gpt,base,python,data_visualization,02_distribution_boxplot,0.48217320135440805
by_candidate,30,0.46039164468689925,0.010464065815736145,2.4174671874333336,40.339999999999996,,gpt,base,python,machine_learning_workflows,01_pipeline_cv_gridsearch_classification,0.03693199699671581
by_candidate,30,-0.10700778642936595,0.5735565182059499,12.232808551999998,196.1426666666667,,gpt,base,python,machine_learning_workflows,02_regression_workflow_feature_importance,0.7095544555125154
by_candidate,30,-0.04208887538143604,0.8252230143828083,0.5799112001,9.571333333333335,,gpt,base,python,statistical_modelling_analysis,01_linear_regression_inference,0.8921329885219549
by_candidate,30,0.2544807630039301,0.17475335763555663,0.7329827063666666,12.093999999999998,,gpt,base,python,statistical_modelling_analysis,02_logistic_regression_odds_ratios,0.355130263138497
by_candidate,30,0.4906277501084473,0.005910714400139771,0.4198108047666666,7.193999999999999,,gpt,base,r,data_manipulation_preprocessing,01_impute_encode_scale,0.022896876171039127
by_candidate,30,0.3300283160833512,0.0748938635490974,0.42643604043333333,7.415666666666666,,gpt,base,r,data_manipulation_preprocessing,02_merge_aggregate_reshape,0.17622085540964094
by_candidate,30,0.1017818003022256,0.5925206712085787,0.5842816167333332,10.520333333333333,,gpt,base,r,data_visualization,02_distribution_boxplot,0.7168464606935733
by_candidate,30,0.9363596137469659,2.9586392687539916e-14,2.2954905487,41.80466666666667,,gpt,base,r,machine_learning_workflows,01_pipeline_cv_gridsearch_classification,1.868614275002521e-13
by_candidate,30,-0.09746328679210338,0.6083935989884537,1.7738434285,30.93433333333333,,gpt,base,r,machine_learning_workflows,02_regression_workflow_feature_importance,0.7228438799862816
by_candidate,30,0.10191823709310281,0.5920221297368898,0.4157530000333333,7.104333333333333,,gpt,base,r,statistical_modelling_analysis,02_logistic_regression_odds_ratios,0.7168464606935733
by_candidate,30,-0.023490300275575235,0.9019397004719027,0.17294209160000001,2.795,,gpt,optimized,python,data_manipulation_preprocessing,01_impute_encode_scale,0.9531351319488209
by_candidate,30,-0.04803785106611263,0.8009797042579598,0.17338961313333331,2.8659999999999997,,gpt,optimized,python,data_manipulation_preprocessing,02_merge_aggregate_reshape,0.8794983559225408
by_candidate,30,0.543551387733186,0.00190696013833948,0.3715230686666667,6.117333333333334,,gpt,optimized,python,data_visualization,01_scatter_trend_grouped,0.009949357243510329
by_candidate,30,0.36400253563251156,0.04799211989920335,0.4598328454666667,7.666,,gpt,optimized,python,data_visualization,02_distribution_boxplot,0.13705509314498607
by_candidate,30,0.6292835046759551,0.00019509780268082516,2.4438031948333334,40.609,,gpt,optimized,python,machine_learning_workflows,01_pipeline_cv_gridsearch_classification,0.001064169832804501
by_candidate,30,0.21379310344827587,0.25662145493999794,12.245855177333333,195.33533333333335,,gpt,optimized,python,machine_learning_workflows,02_regression_workflow_feature_importance,0.4631630724864812
by_candidate,30,-0.008027672801654812,0.9664176822953443,0.5811596463,9.503666666666666,,gpt,optimized,python,statistical_modelling_analysis,01_linear_regression_inference,0.9888268136710197
by_candidate,30,0.29503463049593154,0.11347389633320111,0.7314724031666666,12.068666666666669,,gpt,optimized,python,statistical_modelling_analysis,02_logistic_regression_odds_ratios,0.24757941018152968
by_candidate,30,0.3602543601488208,0.050514723414790255,0.3913435542666667,6.750666666666666,,gpt,optimized,r,data_manipulation_preprocessing,01_impute_encode_scale,0.13776742749488252
by_candidate,30,0.2242787328703787,0.23346529918365727,0.3859712348,6.639,,gpt,optimized,r,data_manipulation_preprocessing,02_merge_aggregate_reshape,0.43523761726950666
by_candidate,30,0.383861673103035,0.03624706557030932,0.40620165066666664,6.950333333333333,,gpt,optimized,r,data_visualization,01_scatter_trend_grouped,0.10608897240090534
by_candidate,30,0.4889781498634456,0.006105833645610434,0.3676619441666666,6.380999999999999,,gpt,optimized,r,data_visualization,02_distribution_boxplot,0.022896876171039127
by_candidate,30,0.9639599555061179,1.2251244126918064e-17,103.95903719910001,1857.9520000000002,,gpt,optimized,r,machine_learning_workflows,01_pipeline_cv_gridsearch_classification,8.647937030765693e-17
by_candidate,30,0.1702080330923989,0.368524381117577,1.7420358854000002,30.46966666666667,,gpt,optimized,r,machine_learning_workflows,02_regression_workflow_feature_importance,0.5436426329354698
by_candidate,30,0.011815877576670051,0.9505865065596548,0.38543565263333335,6.738666666666668,,gpt,optimized,r,statistical_modelling_analysis,01_linear_regression_inference,0.9833653516134361
by_candidate,30,0.15513234127191097,0.4130358078096381,0.3445555478333334,5.842,,gpt,optimized,r,statistical_modelling_analysis,02_logistic_regression_odds_ratios,0.5697045624960525
by_candidate,30,-0.34213813771894164,0.06422169028360503,0.6184313051999999,9.945333333333334,,llama,base,python,data_manipulation_preprocessing,02_merge_aggregate_reshape,0.16057105571733798
by_candidate,30,-0.1382766079531875,0.4661839522107243,0.8265916302333332,13.751333333333337,,llama,base,python,data_visualization,01_scatter_trend_grouped,0.6080660246226838
by_candidate,30,0.12220369170959529,0.5200203065782193,0.47374526463333333,7.844666666666668,,llama,base,python,data_visualization,02_distribution_boxplot,0.66634352626875
by_candidate,30,0.2963622223255886,0.11178298165768291,2.2837457555666676,37.69466666666667,,llama,base,python,machine_learning_workflows,01_pipeline_cv_gridsearch_classification,0.24757941018152968
by_candidate,30,0.46651835372636263,0.009357934968660869,12.213269793633335,195.28766666666667,,llama,base,python,machine_learning_workflows,02_regression_workflow_feature_importance,0.03402885443149407
by_candidate,30,-0.16603607253700933,0.38054984305482886,0.7239702355666666,12.009666666666668,,llama,base,python,statistical_modelling_analysis,01_linear_regression_inference,0.5436426329354698
by_candidate,30,0.08954233247928015,0.637961402048697,0.6327017128333333,10.486333333333333,,llama,base,python,statistical_modelling_analysis,02_logistic_regression_odds_ratios,0.7432560023868314
by_candidate,30,-0.12003123719891018,0.5275219582960938,1.0033231851666666,17.905666666666665,,llama,base,r,data_visualization,02_distribution_boxplot,0.66634352626875
by_candidate,30,-0.13854559901022948,0.4653086260505679,0.5866990098333333,9.642666666666667,,llama,optimized,python,data_manipulation_preprocessing,01_impute_encode_scale,0.6080660246226838
by_candidate,30,0.3579748886750286,0.05209946119336313,0.17323796290000004,2.8413333333333326,,llama,optimized,python,data_manipulation_preprocessing,02_merge_aggregate_reshape,0.138931896515635
by_candidate,30,0.2326358488535588,0.21604441122479115,0.8275972031000002,13.747333333333334,,llama,optimized,python,data_visualization,01_scatter_trend_grouped,0.4115131642376974
by_candidate,30,0.2579216561036042,0.16879662213784002,0.47318383626666666,7.7893333333333326,,llama,optimized,python,data_visualization,02_distribution_boxplot,0.3492343906300139
by_candidate,30,0.362320636220087,0.049111408376953346,0.6305156756999999,10.333333333333332,,llama,optimized,python,statistical_modelling_analysis,02_logistic_regression_odds_ratios,0.13705509314498607
by_candidate,30,0.22321249611010346,0.2357537093543161,0.5877041638,9.691666666666666,,original,base,python,data_manipulation_preprocessing,01_impute_encode_scale,0.43523761726950666
by_candidate,30,0.022707039792404782,0.9051945811677724,0.6203006892333333,10.174666666666669,,original,base,python,data_manipulation_preprocessing,02_merge_aggregate_reshape,0.9531351319488209
by_candidate,30,0.20995219554917413,0.2654679466821434,0.9117480123333335,15.159666666666663,,original,base,python,data_visualization,01_scatter_trend_grouped,0.4648673664319069
by_candidate,30,0.33882465258862826,0.0670160466348089,0.8475414639000001,14.261666666666665,,original,base,python,data_visualization,02_distribution_boxplot,0.16083851192354134
by_candidate,30,-0.6520578420467186,9.458095197847483e-05,3.115271052633334,97.661,,original,base,python,machine_learning_workflows,01_pipeline_cv_gridsearch_classification,0.0005404625827341419
by_candidate,30,0.2976971872910192,0.1101016901977163,12.182617280799999,193.51733333333328,,original,base,python,machine_learning_workflows,02_regression_workflow_feature_importance,0.24757941018152968
by_candidate,30,0.3215962321226036,0.08309858470917941,0.7242042895333333,12.029666666666667,,original,base,python,statistical_modelling_analysis,01_linear_regression_inference,0.19176596471349094
by_candidate,30,-0.15861007707624117,0.40250982440860517,0.7562265260666666,12.538666666666666,,original,base,python,statistical_modelling_analysis,02_logistic_regression_odds_ratios,0.5616416154538676
by_candidate,30,-0.5304342355882802,0.002567422058702358,0.09235858213333334,1.375,,original,base,r,data_manipulation_preprocessing,01_impute_encode_scale,0.012323625881771319
by_candidate,30,-0.4905426409007492,0.00592064985150942,0.09346561816666667,1.3976666666666666,,original,base,r,data_manipulation_preprocessing,02_merge_aggregate_reshape,0.022896876171039127
by_candidate,30,-0.283386592482129,0.1291349313101233,0.11433397246666668,1.736,,original,base,r,data_visualization,01_scatter_trend_grouped,0.2718630132844701
by_candidate,30,-0.1952131477566123,0.3012382408164157,0.1179408338,1.809666666666667,,original,base,r,data_visualization,02_distribution_boxplot,0.48217320135440805
by_candidate,30,-0.5032817919673285,0.004582822541498245,2.0172275167666665,36.028,,original,base,r,machine_learning_workflows,01_pipeline_cv_gridsearch_classification,0.020368100184436643
by_candidate,30,-0.0026702270354000924,0.9888268136710197,1.4876295009333338,25.463000000000005,,original,base,r,machine_learning_workflows,02_regression_workflow_feature_importance,0.9888268136710197
by_candidate,30,0.04675162480098415,0.8062068262623291,0.09961929943333334,1.495,,original,base,r,statistical_modelling_analysis,01_linear_regression_inference,0.8794983559225408
by_candidate,30,-0.17433158563287293,0.35686099906347446,0.10546008013333336,1.5983333333333336,,original,base,r,statistical_modelling_analysis,02_logistic_regression_odds_ratios,0.5420673403495814
by_candidate,30,0.15965270193628897,0.39938402830495745,0.5867562175666666,9.698333333333332,,starcoder,base,python,data_manipulation_preprocessing,01_impute_encode_scale,0.5616416154538676
by_candidate,30,0.44528567454755913,0.013668989480508029,0.6156576136333333,10.080999999999998,,starcoder,base,python,data_manipulation_preprocessing,02_merge_aggregate_reshape,0.046865106790313235
by_candidate,30,-0.0051173657008172216,0.9785888771429367,0.8249850521333333,13.69833333333333,,starcoder,base,python,data_visualization,01_scatter_trend_grouped,0.9888268136710197
by_candidate,30,0.5005579607396866,0.004844733215674221,0.4195505026,6.846000000000001,,starcoder,base,python,data_visualization,02_distribution_boxplot,0.020763142352889518
by_candidate,30,-0.05422316245771589,0.7759642986299327,0.6284200992666665,10.419333333333334,,starcoder,base,python,statistical_modelling_analysis,01_linear_regression_inference,0.8794983559225408
by_candidate,30,0.1443690942340358,0.44657171380422533,0.6324229827333334,10.453333333333335,,starcoder,base,python,statistical_modelling_analysis,02_logistic_regression_odds_ratios,0.6021191646798544
by_candidate,30,0.25122510008951965,0.18052455042873597,1.2204219951,21.527333333333328,,starcoder,base,r,data_manipulation_preprocessing,01_impute_encode_scale,0.355130263138497
by_candidate,30,-0.1770152225636985,0.3493899208643675,0.6323938469,10.279666666666666,,starcoder,optimized,python,statistical_modelling_analysis,02_logistic_regression_odds_ratios,0.53752295517595
by_candidate,30,-0.1956812546816059,0.3000576709990206,1.232241534433333,21.646,,starcoder,optimized,r,data_manipulation_preprocessing,01_impute_encode_scale,0.48217320135440805
by_candidate,30,0.5078976640711901,0.004166608031766026,2.4072641222999995,42.77533333333334,,starcoder,optimized,r,machine_learning_workflows,01_pipeline_cv_gridsearch_classification,0.01923049860815089
