dataset,script_id,model,prompt_type,language,category,snippet,metric,n,mean,median,std,min,max,skewness,kurtosis_excess,shapiro_w,shapiro_p_value,normality_rejected_0_05,note
original,,original,base,python,data_manipulation_preprocessing,01_impute_encode_scale,avg_power_watts,100,17.255593039580003,17.258306679,0.31460113316510235,16.385903011,18.009423939,-0.31383416444582307,0.10467731188487539,0.9895704701789492,0.6299552238354068,False,
original,,original,base,python,data_manipulation_preprocessing,01_impute_encode_scale,elapsed_seconds,100,0.5894189147000001,0.5893560455,0.001163476631020451,0.587218977,0.59210685,0.2766678639395519,-0.6125687405969642,0.9804050639984906,0.14293231961210767,False,
original,,original,base,python,data_manipulation_preprocessing,01_impute_encode_scale,energy_joules,100,10.170699999999998,10.175,0.18255899835063694,9.66,10.61,-0.23388861146267326,0.01104963733432296,0.9920402700808332,0.8241356226406424,False,
original,,original,base,python,data_manipulation_preprocessing,02_merge_aggregate_reshape,avg_power_watts,100,17.092193965179998,17.1788325745,0.36434875926198507,16.096768839,17.687060582,-0.7714757844720949,0.14181644446908814,0.9476347103575047,0.0005814289185852655,True,
original,,original,base,python,data_manipulation_preprocessing,02_merge_aggregate_reshape,elapsed_seconds,100,0.62213543004,0.6220164105,0.0011934960953094299,0.619649702,0.625846501,0.6034084239878701,0.5850996405450424,0.9740164839622961,0.045204654474874435,True,
original,,original,base,python,data_manipulation_preprocessing,02_merge_aggregate_reshape,energy_joules,100,10.6337,10.675,0.22948627299895197,10.02,11.02,-0.7472486490188947,0.15383843009714404,0.9503522478391722,0.0008751680104035005,True,
original,,original,base,python,data_visualization,01_scatter_trend_grouped,avg_power_watts,100,17.23101931908,17.268708637499998,0.32543224924876496,16.30310908,17.717732192,-0.8097805905203448,0.2150343186444883,0.937733406652487,0.00014060708591711663,True,
original,,original,base,python,data_visualization,01_scatter_trend_grouped,elapsed_seconds,100,0.91626322943,0.9161050690000001,0.001586728489309356,0.912467758,0.921534557,0.3927916668314342,0.7906796999204926,0.9811132028104426,0.16216877963938928,False,
original,,original,base,python,data_visualization,01_scatter_trend_grouped,energy_joules,100,15.788199999999994,15.815000000000001,0.30209831833261497,14.94,16.27,-0.7852878878368363,0.22203089218739702,0.9436355355426432,0.000323508941525801,True,
original,,original,base,python,data_visualization,02_distribution_boxplot,avg_power_watts,100,17.25405683026,17.287886083,0.3243675128985576,16.289096404,17.873856273,-0.7432978790237136,0.622740584594446,0.960576081142828,0.0044209791951947165,True,
original,,original,base,python,data_visualization,02_distribution_boxplot,elapsed_seconds,100,0.8523923748800002,0.852438289,0.0015410224012219658,0.848570393,0.856517318,0.13765947549366686,-0.196001997587695,0.9905184018584445,0.7064763095578288,False,
original,,original,base,python,data_visualization,02_distribution_boxplot,energy_joules,100,14.7073,14.745000000000001,0.2816827321937957,13.88,15.25,-0.6939546796921329,0.481929364628344,0.9639999453738785,0.007833952571320439,True,
original,,original,base,python,machine_learning_workflows,01_pipeline_cv_gridsearch_classification,avg_power_watts,100,17.15758078235,17.102640479,0.26031740503464035,16.172365142,17.587850112,-0.9811233387541496,2.4568593740816063,0.9109389524481308,4.8005769961683125e-06,True,
original,,original,base,python,machine_learning_workflows,01_pipeline_cv_gridsearch_classification,elapsed_seconds,100,2.25614664624,2.2553947835,0.005619927874884895,2.247828754,2.275063189,0.7111021924220498,0.4574135259954426,0.957320570161144,0.002602055154360044,True,
original,,original,base,python,machine_learning_workflows,01_pipeline_cv_gridsearch_classification,energy_joules,100,38.710300000000004,38.61,0.6130622836518026,36.42,39.83,-0.9602175554714995,2.275974213831736,0.9230574366288328,2.052395758237135e-05,True,
original,,original,base,python,machine_learning_workflows,02_regression_workflow_feature_importance,avg_power_watts,100,16.14906667013,16.170231144,0.18366723566172158,15.736022229,16.499274524,-0.014673832009843204,-1.032460475046226,0.9641197106932227,0.00799445722333149,True,
original,,original,base,python,machine_learning_workflows,02_regression_workflow_feature_importance,elapsed_seconds,100,12.188427361819999,12.1851330055,0.03205000479437837,12.132853884,12.28679928,0.5194255159244093,-0.13625094746108246,0.9731076187792467,0.03840425951531437,True,
original,,original,base,python,machine_learning_workflows,02_regression_workflow_feature_importance,energy_joules,100,196.8314,196.93,2.2687851152081158,191.32,200.82,-0.06369085460472212,-0.9507712973832421,0.9673439495817299,0.01389312461852432,True,
original,,original,base,python,statistical_modelling_analysis,01_linear_regression_inference,avg_power_watts,100,17.212827800569997,17.268128143,0.3646253426546253,16.282531559,17.817292891,-0.4040775143723578,-0.7550260723654079,0.9594985841934324,0.003704026433151739,True,
original,,original,base,python,statistical_modelling_analysis,01_linear_regression_inference,elapsed_seconds,100,0.7280697941600001,0.728229206,0.0014021234444212575,0.724468248,0.731713036,-0.033344089730355624,0.07304151047829022,0.9933753526542519,0.9096381199156945,False,
original,,original,base,python,statistical_modelling_analysis,01_linear_regression_inference,energy_joules,100,12.5322,12.555,0.2693823087784873,11.83,12.98,-0.3960301553656665,-0.7731682508036086,0.9583959738508779,0.003095337892849801,True,
original,,original,base,python,statistical_modelling_analysis,02_logistic_regression_odds_ratios,avg_power_watts,100,17.181455004,17.197560049,0.35184290038382937,16.173809797,17.789229706,-0.3739220731278946,-0.49936533831834806,0.9743115380081431,0.0476670102574811,True,
original,,original,base,python,statistical_modelling_analysis,02_logistic_regression_odds_ratios,elapsed_seconds,100,0.7610161930699999,0.761064186,0.0015982081208859443,0.757054972,0.766098712,0.2146207332714407,0.4116827560546765,0.9878968006711077,0.5006292947844484,False,
original,,original,base,python,statistical_modelling_analysis,02_logistic_regression_odds_ratios,energy_joules,100,13.0754,13.085,0.27092218123075185,12.27,13.57,-0.3193726233405451,-0.4181046134772628,0.9805980672971009,0.14794704276077866,False,
original,,original,base,r,data_manipulation_preprocessing,01_impute_encode_scale,avg_power_watts,100,16.949997811619998,16.931894618,0.24367996982942147,16.465365086,17.880624736,0.697440499544495,1.309955709675406,0.97258276778922,0.03496298002837325,True,
original,,original,base,r,data_manipulation_preprocessing,01_impute_encode_scale,elapsed_seconds,100,0.08138598026999999,0.081335457,0.0002465561205914961,0.080931336,0.082599872,1.4161454749484257,5.100342382474068,0.9175342246938232,1.0439026257150952e-05,True,
original,,original,base,r,data_manipulation_preprocessing,01_impute_encode_scale,energy_joules,100,1.3795,1.38,0.020810593650369646,1.34,1.46,0.7471616958524273,1.418858714192079,0.9501692754938118,0.0008511663325087165,True,
original,,original,base,r,data_manipulation_preprocessing,02_merge_aggregate_reshape,avg_power_watts,100,16.989451495820003,17.0094530135,0.29967006482592223,16.462103246,17.845874722,0.11866974471133475,-0.7003422444500726,0.9644587835614392,0.008467752797248585,True,
original,,original,base,r,data_manipulation_preprocessing,02_merge_aggregate_reshape,elapsed_seconds,100,0.08239231195,0.08236083250000001,0.00029215582735178034,0.081816052,0.083636249,1.3975218215187943,4.078148326392469,0.9055926242991515,2.6156551813627623e-06,True,
original,,original,base,r,data_manipulation_preprocessing,02_merge_aggregate_reshape,energy_joules,100,1.3997999999999997,1.4,0.02518537334055281,1.36,1.47,0.20496572220564938,-0.4512904499494135,0.9545368576692487,0.0016715694813570746,True,
original,,original,base,r,data_visualization,01_scatter_trend_grouped,avg_power_watts,100,17.693996854159998,17.679606974000002,0.2564937289907017,17.110705423,18.276178529,-0.019229585476994725,-0.5677199651267708,0.9906507741992396,0.717120496473842,False,
original,,original,base,r,data_visualization,01_scatter_trend_grouped,elapsed_seconds,100,0.10269568221999999,0.1025655675,0.0008685302018140086,0.100890786,0.104552827,0.23396170416697204,-0.7743893196327818,0.9771551249647802,0.07961600660917062,False,
original,,original,base,r,data_visualization,01_scatter_trend_grouped,energy_joules,100,1.8171000000000004,1.82,0.030725076127331285,1.75,1.9,0.35412057692707527,0.17651988089159376,0.9750474416459434,0.05441992468241901,False,
original,,original,base,r,data_visualization,02_distribution_boxplot,avg_power_watts,100,17.721476404980002,17.7602041685,0.26532166639424776,16.578853131,18.205183113,-0.9115097038213409,2.2659486716565773,0.9525188851331884,0.0012202119662848676,True,
original,,original,base,r,data_visualization,02_distribution_boxplot,elapsed_seconds,100,0.10622471941,0.10620911050000001,0.0011221843916821568,0.104253255,0.114000648,3.340366048285264,22.326840586623202,0.7651830459287994,2.405935228345571e-11,True,
original,,original,base,r,data_visualization,02_distribution_boxplot,energy_joules,100,1.8823999999999996,1.88,0.031013845067301513,1.79,1.96,-0.24566232596706303,0.40542378814645597,0.9794486462432999,0.12040684573488473,False,
original,,original,base,r,machine_learning_workflows,01_pipeline_cv_gridsearch_classification,avg_power_watts,100,18.424309295260002,18.469340158,0.29634627945727576,17.442875126,18.887957099,-0.8142852768410788,0.7000556174920418,0.9503983171312782,0.000881322714025741,True,
original,,original,base,r,machine_learning_workflows,01_pipeline_cv_gridsearch_classification,elapsed_seconds,100,2.0366635712299996,2.036017486,0.005434630591211769,2.030316438,2.077769096,4.915211016750329,33.69559668214787,0.5863358890140444,2.3857592535969033e-15,True,
original,,original,base,r,machine_learning_workflows,01_pipeline_cv_gridsearch_classification,energy_joules,100,37.524300000000004,37.66,0.6228903871014824,35.47,38.75,-0.7154100477572783,0.6268067433883369,0.9649145384132307,0.00915042759255133,True,
original,,original,base,r,machine_learning_workflows,02_regression_workflow_feature_importance,avg_power_watts,100,17.96060683162,18.071031513999998,0.3095464861673784,17.039197816,18.323160114,-1.252716520051616,0.9678077734613098,0.8675841960746284,5.6081315355086365e-08,True,
original,,original,base,r,machine_learning_workflows,02_regression_workflow_feature_importance,elapsed_seconds,100,1.4948869074799995,1.493991659,0.0036477754991728253,1.490151321,1.50731531,1.769761516364878,3.3931011672004843,0.8267953788634255,1.8008358358582773e-09,True,
original,,original,base,r,machine_learning_workflows,02_regression_workflow_feature_importance,energy_joules,100,26.848999999999997,27.015,0.4627923591382722,25.43,27.38,-1.2945129596477263,1.0774584817942134,0.8619078071641298,3.351729273109384e-08,True,
original,,original,base,r,statistical_modelling_analysis,01_linear_regression_inference,avg_power_watts,100,16.961494678340003,16.9296253355,0.22918931053729555,16.564905765,17.721393596,0.6380856299546095,0.37389734484989745,0.9711143116400507,0.026919322244830443,True,
original,,original,base,r,statistical_modelling_analysis,01_linear_regression_inference,elapsed_seconds,100,0.08819329232,0.0881465845,0.0002749915780939915,0.087569487,0.089456756,1.338367574365375,4.2518800457775,0.9211832468132974,1.6272280088125933e-05,True,
original,,original,base,r,statistical_modelling_analysis,01_linear_regression_inference,energy_joules,100,1.4958999999999998,1.49,0.021466205528643867,1.46,1.57,0.655431832663944,0.6055038710145828,0.9494025185883239,0.0007578686969672944,True,
original,,original,base,r,statistical_modelling_analysis,02_logistic_regression_odds_ratios,avg_power_watts,100,16.973414255039998,16.978084412,0.3010800178353832,16.381349012,18.320098361,1.0776078865667325,3.2298312686043538,0.9445397866180115,0.00036878294833206165,True,
original,,original,base,r,statistical_modelling_analysis,02_logistic_regression_odds_ratios,elapsed_seconds,100,0.09468793219000002,0.0946336425,0.0003269606943578752,0.094184889,0.095993489,1.6919407815445657,3.8360027301722894,0.8640218944616912,4.053767767884906e-08,True,
original,,original,base,r,statistical_modelling_analysis,02_logistic_regression_odds_ratios,energy_joules,100,1.6071999999999997,1.61,0.030320843249380988,1.55,1.74,1.1650002994839472,3.2712238404220813,0.9276433577849335,3.667068558982927e-05,True,
translation,,gemini,base,python,data_manipulation_preprocessing,01_impute_encode_scale,avg_power_watts,100,16.70752216312,16.677903491000002,0.3139623820867793,16.04704852,17.484911675,-0.04534366297727059,-0.5141687799411083,0.9882401354497028,0.5260787672359755,False,
translation,,gemini,base,python,data_manipulation_preprocessing,01_impute_encode_scale,elapsed_seconds,100,0.17373497663999998,0.1736600695,0.0005545087295067784,0.172794037,0.175381762,0.8576856891026328,0.5083612660172383,0.9460832700740661,0.00046215429226948937,True,
translation,,gemini,base,python,data_manipulation_preprocessing,01_impute_encode_scale,energy_joules,100,2.9027000000000003,2.9,0.05633333333333335,2.79,3.03,-0.015898760090405303,-0.5407532644320932,0.9840535875045895,0.270874606002461,False,
translation,,gemini,base,python,data_manipulation_preprocessing,02_merge_aggregate_reshape,avg_power_watts,100,16.68444915911,16.671081997,0.2850193639059687,16.065560752,17.289568958,0.17311449060441128,-0.33131479387792373,0.9803938574337824,0.14264621475519426,False,
translation,,gemini,base,python,data_manipulation_preprocessing,02_merge_aggregate_reshape,elapsed_seconds,100,0.17412036762,0.1740106855,0.0005308733254870431,0.173280973,0.175972628,1.0895809423885525,1.3819482569553232,0.9306321814476842,5.4062272429599386e-05,True,
translation,,gemini,base,python,data_manipulation_preprocessing,02_merge_aggregate_reshape,energy_joules,100,2.9051,2.9,0.05026183965248912,2.8,3.01,0.1419933719739136,-0.41476035616338436,0.9731578879068121,0.038751549399191954,True,
translation,,gemini,base,python,data_visualization,01_scatter_trend_grouped,avg_power_watts,100,17.06687940577,17.094573387,0.28953953247868625,16.150918396,17.532279984,-1.1585027170867561,1.2865207848119855,0.9106605715144198,4.648927030030526e-06,True,
translation,,gemini,base,python,data_visualization,01_scatter_trend_grouped,elapsed_seconds,100,0.9184997534899999,0.9183308834999999,0.0018696834851788607,0.914690677,0.92710581,0.9349153490820084,3.296037841800855,0.9500194301513623,0.000832026080619633,True,
translation,,gemini,base,python,data_visualization,01_scatter_trend_grouped,energy_joules,100,15.676000000000002,15.695,0.27222242836520744,14.84,16.13,-1.1099008436580005,1.16428749475957,0.9145104089606446,7.282245411933738e-06,True,
translation,,gemini,base,python,data_visualization,02_distribution_boxplot,avg_power_watts,100,17.2180246332,17.2620184335,0.318315373437071,16.459020811,17.793158948,-0.5131652643243269,-0.4998326827101316,0.9591128572397611,0.003477941090396084,True,
translation,,gemini,base,python,data_visualization,02_distribution_boxplot,elapsed_seconds,100,0.48549248522000005,0.4855573755,0.001319088063965846,0.481316383,0.489194189,-0.12658807061259597,0.5276843874556532,0.9925162910129219,0.8572489181542493,False,
translation,,gemini,base,python,data_visualization,02_distribution_boxplot,energy_joules,100,8.3592,8.38,0.15500198760537284,8.0,8.63,-0.5379993776042038,-0.5487983635612474,0.9544199794517768,0.001641147544522514,True,
translation,,gemini,base,python,machine_learning_workflows,01_pipeline_cv_gridsearch_classification,avg_power_watts,100,17.068164134209997,17.0526802935,0.2524806250440793,16.256143295,17.533465786,-0.560245877797028,0.7953814340277701,0.956240313448543,0.0021889140671231726,True,
translation,,gemini,base,python,machine_learning_workflows,01_pipeline_cv_gridsearch_classification,elapsed_seconds,100,2.5774240209999992,2.5756579295,0.00940151226230279,2.56304455,2.623088247,2.6523565227918637,8.839916461731171,0.7253469669990837,2.191186368208033e-12,True,
translation,,gemini,base,python,machine_learning_workflows,01_pipeline_cv_gridsearch_classification,energy_joules,100,43.9921,43.915,0.6830772543084239,41.68,45.17,-0.5976544268016202,0.9617638084024813,0.9530094716240588,0.0013166315267465903,True,
translation,,gemini,base,python,machine_learning_workflows,02_regression_workflow_feature_importance,avg_power_watts,100,16.09511698286,16.143333819,0.17675383030029135,15.77038684,16.48158569,-0.12986215546532057,-1.2935041829099023,0.9323293696409768,6.763893106678143e-05,True,
translation,,gemini,base,python,machine_learning_workflows,02_regression_workflow_feature_importance,elapsed_seconds,100,12.266780162280002,12.257843237,0.035591279045979335,12.20082871,12.344746641,0.37205073680003725,-0.747545128654794,0.9635277894113501,0.007233241401922178,True,
translation,,gemini,base,python,machine_learning_workflows,02_regression_workflow_feature_importance,energy_joules,100,197.43490000000003,197.95,2.2103043782349165,193.58,201.57,-0.10188359741355103,-1.3590236780569833,0.9315656966934633,6.113220959794394e-05,True,
translation,,gemini,base,python,statistical_modelling_analysis,01_linear_regression_inference,avg_power_watts,100,17.14397975351,17.19835896,0.3208485391109892,16.207032787,17.706583981,-0.7889249240291081,0.5533882115430098,0.9501209946932465,0.0008449491855479794,True,
translation,,gemini,base,python,statistical_modelling_analysis,01_linear_regression_inference,elapsed_seconds,100,0.58315803661,0.5832282,0.0009612572245023252,0.580491469,0.585683325,-0.12033253875538258,0.17502905174703987,0.9935419841933516,0.9184985607880047,False,
translation,,gemini,base,python,statistical_modelling_analysis,01_linear_regression_inference,energy_joules,100,9.9977,10.04,0.19040549499752502,9.45,10.33,-0.8434661253352916,0.5952621417579622,0.9427425040752955,0.00028450648161103915,True,
translation,,gemini,base,python,statistical_modelling_analysis,02_logistic_regression_odds_ratios,avg_power_watts,100,17.058299160620003,17.080064949,0.3428613180300315,16.109871821,17.724351391,-0.5192996496520311,-0.13237521071823588,0.9732306486275626,0.03925992243713743,True,
translation,,gemini,base,python,statistical_modelling_analysis,02_logistic_regression_odds_ratios,elapsed_seconds,100,0.73710391433,0.7369846,0.0014507055508857407,0.734121801,0.740379739,0.11717369756684903,-0.5670643858971172,0.9870298400431521,0.439635688560614,False,
translation,,gemini,base,python,statistical_modelling_analysis,02_logistic_regression_odds_ratios,energy_joules,100,12.573799999999997,12.585,0.25701385412487243,11.88,13.08,-0.4616096973497336,-0.15704925297958816,0.9755689075355388,0.059785345847826625,False,
translation,,gemini,base,r,data_manipulation_preprocessing,01_impute_encode_scale,avg_power_watts,100,17.011779908319998,17.017896207,0.2611880208175262,16.383724232,17.725444824,-0.045721395829964664,-0.24290391515531828,0.994110076732719,0.9451240011263571,False,
translation,,gemini,base,r,data_manipulation_preprocessing,01_impute_encode_scale,elapsed_seconds,100,0.08121947274000002,0.081202095,0.0002499205969906323,0.080682336,0.082212293,0.8010796824408261,2.14489980941274,0.959802812304452,0.003893187509280451,True,
translation,,gemini,base,r,data_manipulation_preprocessing,01_impute_encode_scale,energy_joules,100,1.3816999999999995,1.38,0.02243081394290923,1.34,1.44,0.15568910266948124,-0.21934430971853747,0.9703171604139088,0.023376944802463533,True,
translation,,gemini,base,r,data_manipulation_preprocessing,02_merge_aggregate_reshape,avg_power_watts,100,17.057373259429998,17.0693596805,0.22716343641265235,16.504845077,17.735548998,0.1248708259123526,0.025607994275015145,0.9935911459537898,0.921024281555055,False,
translation,,gemini,base,r,data_manipulation_preprocessing,02_merge_aggregate_reshape,elapsed_seconds,100,0.08112568858000001,0.081090833,0.0003155432048523754,0.080554115,0.082367999,1.7954316047444883,5.071951038569949,0.8564615565231523,2.0702387213764924e-08,True,
translation,,gemini,base,r,data_manipulation_preprocessing,02_merge_aggregate_reshape,energy_joules,100,1.3838,1.3849999999999998,0.019836707123284017,1.34,1.44,0.18541362054619243,-0.2021054952421535,0.9720329736148458,0.03169582097791856,True,
translation,,gemini,base,r,data_visualization,01_scatter_trend_grouped,avg_power_watts,100,17.670981116310003,17.6998374745,0.2706399117311562,16.578670073,18.224086492,-0.721521328776724,1.6589024657861113,0.9693290654648402,0.01964357821244141,True,
translation,,gemini,base,r,data_visualization,01_scatter_trend_grouped,elapsed_seconds,100,0.10284097161,0.1027623755,0.0011405082402071373,0.101043926,0.111589168,4.567414919912372,34.56191816379999,0.6676221292480693,1.0100979787944209e-13,True,
translation,,gemini,base,r,data_visualization,01_scatter_trend_grouped,energy_joules,100,1.8172000000000004,1.82,0.02832281444669331,1.75,1.89,-0.16908341846408395,-0.14737622210622536,0.9779010317440893,0.09109892103534076,False,
translation,,gemini,base,r,data_visualization,02_distribution_boxplot,avg_power_watts,100,17.62931448168,17.624729353,0.25431776944740153,16.642953307,18.110059368,-0.6108931357101701,1.2186124811515846,0.9676894282179961,0.014751583610171173,True,
translation,,gemini,base,r,data_visualization,02_distribution_boxplot,elapsed_seconds,100,0.10413687327,0.10387291300000001,0.0011237734265595039,0.102452952,0.111158156,2.559437054465388,14.033780323635625,0.8154000837500323,7.569891439417712e-10,True,
translation,,gemini,base,r,data_visualization,02_distribution_boxplot,energy_joules,100,1.8357999999999999,1.84,0.029342285135443975,1.76,1.9,-0.15365883707433675,-0.2779656627712144,0.98125430275933,0.16628552541358985,False,
translation,,gemini,base,r,machine_learning_workflows,01_pipeline_cv_gridsearch_classification,avg_power_watts,100,18.34491624764,18.3613476015,0.2770054891732968,17.368805491,18.759308129,-1.306233956005296,2.207978613938856,0.9010674484697831,1.5875637717775064e-06,True,
translation,,gemini,base,r,machine_learning_workflows,01_pipeline_cv_gridsearch_classification,elapsed_seconds,100,1.82040572881,1.7884255475000002,0.20597750478228025,1.595365471,3.319933494,4.44526160404705,28.786295631501773,0.6375854806559067,2.3610944479078563e-14,True,
translation,,gemini,base,r,machine_learning_workflows,01_pipeline_cv_gridsearch_classification,energy_joules,100,33.3936,32.64,3.7620611479358064,29.31,59.82,4.0374695913990335,24.79873868617621,0.6766314029388907,1.5906399834865542e-13,True,
translation,,gemini,base,r,machine_learning_workflows,02_regression_workflow_feature_importance,avg_power_watts,100,17.62891330616,17.7302152515,0.2793377617718443,16.613727522,17.925371008,-1.6834576140906399,2.4405214719712163,0.7907571531582778,1.3007168572130946e-10,True,
translation,,gemini,base,r,machine_learning_workflows,02_regression_workflow_feature_importance,elapsed_seconds,100,2.8093741902800002,2.8090279565,0.002939634865314327,2.802336533,2.816108539,0.1243882980317167,-0.41018181803036224,0.9914437596393579,0.7796254369907509,False,
translation,,gemini,base,r,machine_learning_workflows,02_regression_workflow_feature_importance,energy_joules,100,49.52620000000001,49.83,0.7854520412417991,46.61,50.35,-1.7080096198975008,2.609747175484376,0.7931043281739011,1.5289347994108214e-10,True,
translation,,gemini,base,r,statistical_modelling_analysis,01_linear_regression_inference,avg_power_watts,100,17.01075537162,16.969524595000003,0.2370827124802495,16.55475897,18.016255898,0.8456426741711215,2.333138880056392,0.9595889113990579,0.0037591628915066505,True,
translation,,gemini,base,r,statistical_modelling_analysis,01_linear_regression_inference,elapsed_seconds,100,0.08798417147999997,0.0879104515,0.00030946815554018487,0.087451698,0.089319519,1.5966441664451556,4.433789557224856,0.8922673053162975,6.229608195111427e-07,True,
translation,,gemini,base,r,statistical_modelling_analysis,01_linear_regression_inference,energy_joules,100,1.4967000000000001,1.49,0.023096416268426696,1.45,1.59,0.9799829807950613,2.382698974445482,0.9335488173478191,7.958573693109817e-05,True,
translation,,gemini,base,r,statistical_modelling_analysis,02_logistic_regression_odds_ratios,avg_power_watts,100,17.00512040331,17.0288740935,0.2740176499937235,16.486168204,18.011421495,0.35321854884012943,0.6036554435767978,0.9748436568400479,0.05245809832821688,False,
translation,,gemini,base,r,statistical_modelling_analysis,02_logistic_regression_odds_ratios,elapsed_seconds,100,0.09035470751000002,0.0903581765,0.0002926580298444835,0.089733261,0.091391345,0.8709246347859498,1.6840018472374485,0.9562960285803994,0.002208440478613345,True,
translation,,gemini,base,r,statistical_modelling_analysis,02_logistic_regression_odds_ratios,energy_joules,100,1.5364999999999998,1.54,0.025716991199664807,1.49,1.63,0.4489154765250921,0.6750131566189221,0.9669959084262166,0.013080651473204172,True,
translation,,gemini,optimized,python,data_manipulation_preprocessing,01_impute_encode_scale,avg_power_watts,100,16.76721512256,16.756955441000002,0.25450193943839483,16.158253401,17.366088259,0.10889827328832186,-0.4122557715383248,0.9920291081422771,0.8233306201368911,False,
translation,,gemini,optimized,python,data_manipulation_preprocessing,01_impute_encode_scale,elapsed_seconds,100,0.17352216463,0.1735474685,0.0004986086982632284,0.172570402,0.174678243,0.21875862986225889,-0.6217673483382731,0.9808892618859276,0.15583310493602623,False,
translation,,gemini,optimized,python,data_manipulation_preprocessing,01_impute_encode_scale,energy_joules,100,2.9095,2.91,0.046020965797441665,2.79,3.03,0.13107710308989562,-0.08368422384317586,0.9913775344540361,0.7745227698802433,False,
translation,,gemini,optimized,python,data_manipulation_preprocessing,02_merge_aggregate_reshape,avg_power_watts,100,16.99971889576,17.0202385075,0.34455648833381725,16.063589785,17.651316983,-0.67670773617227,0.1953508723327828,0.9557114292174612,0.002012336476814649,True,
translation,,gemini,optimized,python,data_manipulation_preprocessing,02_merge_aggregate_reshape,elapsed_seconds,100,0.6223581620699999,0.6225373155,0.0012396741408144027,0.619337461,0.62724189,0.3824878628737969,1.6262620252492272,0.9727064277015139,0.03574424865778295,True,
translation,,gemini,optimized,python,data_manipulation_preprocessing,02_merge_aggregate_reshape,energy_joules,100,10.5798,10.594999999999999,0.209756857799547,10.01,10.99,-0.7192733614690815,0.2712525494651876,0.9508825720648737,0.0009488420218289656,True,
translation,,gemini,optimized,python,data_visualization,01_scatter_trend_grouped,avg_power_watts,100,17.141330185029997,17.211425714500002,0.31596802622053916,16.317543971,17.792045795,-0.3982372864786082,-0.5357950511725824,0.9711063955251195,0.026881550010556723,True,
translation,,gemini,optimized,python,data_visualization,01_scatter_trend_grouped,elapsed_seconds,100,0.37388226017000004,0.373831552,0.0009188450555964257,0.371399248,0.376388593,-0.007511536801710021,0.20307841394569248,0.9947504573790019,0.9681767440155489,False,
translation,,gemini,optimized,python,data_visualization,01_scatter_trend_grouped,energy_joules,100,6.4089,6.43,0.12242412616256106,6.09,6.67,-0.3671687039051779,-0.47562444679354243,0.9765719338688028,0.07165440998738963,False,
translation,,gemini,optimized,python,data_visualization,02_distribution_boxplot,avg_power_watts,100,17.255134131690003,17.2997717825,0.32739773950038625,16.490081874,17.900357788,-0.5340070821381587,-0.545898193654041,0.9551626635666176,0.001844851171743905,True,
translation,,gemini,optimized,python,data_visualization,02_distribution_boxplot,elapsed_seconds,100,0.48593419042999997,0.4857465585,0.001223273546892236,0.483158606,0.489058071,0.41486911265148574,-0.3424055891543083,0.9733600873902154,0.04018121693034477,True,
translation,,gemini,optimized,python,data_visualization,02_distribution_boxplot,energy_joules,100,8.384899999999998,8.42,0.1625646413777075,8.01,8.73,-0.5338490849601661,-0.40879668024171734,0.9586316118829324,0.003215979665681388,True,
translation,,gemini,optimized,python,machine_learning_workflows,01_pipeline_cv_gridsearch_classification,avg_power_watts,100,17.129535771749996,17.174441736,0.24753856160517898,16.278403055,17.481831188,-0.9695372905552276,1.3297341227462072,0.9319347089936953,6.418981858868099e-05,True,
translation,,gemini,optimized,python,machine_learning_workflows,01_pipeline_cv_gridsearch_classification,elapsed_seconds,100,2.5878215902300004,2.5863119865,0.008593458099827346,2.574913109,2.617708194,1.3126607742828367,1.9621952703039884,0.8974503195584584,1.0748694138682153e-06,True,
translation,,gemini,optimized,python,machine_learning_workflows,01_pipeline_cv_gridsearch_classification,energy_joules,100,44.3283,44.39,0.6647351640945728,41.98,45.31,-0.9988859460135634,1.5605635800071012,0.9326378728335342,7.047083247615619e-05,True,
translation,,gemini,optimized,python,machine_learning_workflows,02_regression_workflow_feature_importance,avg_power_watts,100,16.10565144234,16.1274813315,0.1695541357918889,15.697509126,16.419506737,-0.03349871247574272,-1.082801832311506,0.9580244795952985,0.0029146861984175806,True,
translation,,gemini,optimized,python,machine_learning_workflows,02_regression_workflow_feature_importance,elapsed_seconds,100,12.211049802359998,12.205120153500001,0.035445096559266955,12.14645269,12.324248889,0.6259894544270661,0.04537173879293688,0.966913346390122,0.01289526643606616,True,
translation,,gemini,optimized,python,machine_learning_workflows,02_regression_workflow_feature_importance,energy_joules,100,196.66530000000003,196.95,1.992881500934684,191.45,200.48,-0.044809546968293715,-0.9426933983348889,0.9634312524162689,0.007116457704977446,True,
translation,,gemini,optimized,python,statistical_modelling_analysis,01_linear_regression_inference,avg_power_watts,100,17.195304466830002,17.198388698000002,0.32910377344578956,16.352835709,17.819565395,-0.21076965558870467,-0.5469696177212686,0.9853720814811847,0.3377103489952665,False,
translation,,gemini,optimized,python,statistical_modelling_analysis,01_linear_regression_inference,elapsed_seconds,100,0.58261717397,0.5825675345,0.0010645002151563503,0.57988691,0.585561755,0.3251730597348152,-0.06041371521576533,0.9869366601050162,0.43338087423479044,False,
translation,,gemini,optimized,python,statistical_modelling_analysis,01_linear_regression_inference,energy_joules,100,10.0184,10.03,0.19885896733335634,9.52,10.38,-0.16631711805285834,-0.5862026468142059,0.9844733311350751,0.2908184074249206,False,
translation,,gemini,optimized,python,statistical_modelling_analysis,02_logistic_regression_odds_ratios,avg_power_watts,100,17.16671452044,17.210775255,0.3499816902826604,16.319373185,17.67843169,-0.6127148829397502,-0.49848738763255884,0.9432599069797898,0.0003064585580729834,True,
translation,,gemini,optimized,python,statistical_modelling_analysis,02_logistic_regression_odds_ratios,elapsed_seconds,100,0.7368879969700001,0.736712211,0.0013309048210211217,0.734326292,0.739830235,0.10040420790351276,-0.5696297421541243,0.9834730567095308,0.24525598693259498,False,
translation,,gemini,optimized,python,statistical_modelling_analysis,02_logistic_regression_odds_ratios,energy_joules,100,12.65,12.684999999999999,0.2615455230090177,12.02,13.03,-0.5970260108514395,-0.5162107994724177,0.9459240501398931,0.00045146269758293594,True,
translation,,gemini,optimized,r,data_manipulation_preprocessing,01_impute_encode_scale,avg_power_watts,100,16.9859528348,16.966892190499998,0.275331931529691,16.473318828,18.171437915,0.810789253256304,2.1901551258503567,0.9576377626353164,0.002738335968323435,True,
translation,,gemini,optimized,r,data_manipulation_preprocessing,01_impute_encode_scale,elapsed_seconds,100,0.08113657174,0.081092313,0.0002518962273420227,0.080720613,0.082062351,0.7348024298172173,0.8974691889884951,0.9643118356882351,0.00825914293604283,True,
translation,,gemini,optimized,r,data_manipulation_preprocessing,01_impute_encode_scale,energy_joules,100,1.3781999999999999,1.38,0.023842072989663485,1.33,1.48,0.8247563621049575,2.104558449673058,0.9461948874449501,0.000469808084790604,True,
translation,,gemini,optimized,r,data_manipulation_preprocessing,02_merge_aggregate_reshape,avg_power_watts,100,17.02055047216,17.011933236,0.27974109161147775,16.380546647,17.924795494,0.3939569678744195,0.2635396125746867,0.9853643911890687,0.3372843457357236,False,
translation,,gemini,optimized,r,data_manipulation_preprocessing,02_merge_aggregate_reshape,elapsed_seconds,100,0.08105426668,0.08098744299999999,0.0003033463526996812,0.080559767,0.082455816,2.040981867335855,7.234929300707297,0.8478119278723913,9.853201170199939e-09,True,
translation,,gemini,optimized,r,data_manipulation_preprocessing,02_merge_aggregate_reshape,energy_joules,100,1.3796000000000002,1.38,0.023991581014930142,1.33,1.46,0.6750198306190064,0.658424036242137,0.9569192529555484,0.0024397543056523586,True,
translation,,gemini,optimized,r,data_visualization,01_scatter_trend_grouped,avg_power_watts,100,17.739057512539997,17.725956884,0.24779997409923768,17.205854816,18.383056256,0.2104153756482515,-0.2183534133552496,0.9855821243468637,0.3495130355107243,False,
translation,,gemini,optimized,r,data_visualization,01_scatter_trend_grouped,elapsed_seconds,100,0.10238929835000002,0.102435971,0.0007061081793828634,0.100908577,0.104188256,0.16777456116166628,-0.4338027310288428,0.9860862836623048,0.37916463026802577,False,
translation,,gemini,optimized,r,data_visualization,01_scatter_trend_grouped,energy_joules,100,1.8163,1.82,0.028942820676065236,1.75,1.88,0.05892200525225132,-0.4550047116065299,0.9784739947032935,0.10102309409202118,False,
translation,,gemini,optimized,r,data_visualization,02_distribution_boxplot,avg_power_watts,100,17.74975062649,17.7630258975,0.2423926680972336,17.044023733,18.304262517,-0.3485080209363881,0.40925872945171005,0.985344734610249,0.3361974344137721,False,
translation,,gemini,optimized,r,data_visualization,02_distribution_boxplot,elapsed_seconds,100,0.10395185170000001,0.103958825,0.000832940127408642,0.102077269,0.105866343,0.015402870485958906,-0.6322099622152932,0.9879028903319241,0.5010746901734451,False,
translation,,gemini,optimized,r,data_visualization,02_distribution_boxplot,energy_joules,100,1.8451000000000002,1.85,0.027942762565608636,1.78,1.91,-0.27444911779757714,-0.35901988608894086,0.9728797883519619,0.036869740839151226,True,
translation,,gemini,optimized,r,machine_learning_workflows,01_pipeline_cv_gridsearch_classification,avg_power_watts,100,18.551792897429998,18.550601216,0.2943360139292453,17.447889278,18.980178909,-1.0717326389629604,1.8282332382246498,0.924474122220783,2.450749324009195e-05,True,
translation,,gemini,optimized,r,machine_learning_workflows,01_pipeline_cv_gridsearch_classification,elapsed_seconds,100,2.0186997361000003,1.9645923255,0.2196222969872055,1.781192444,3.180013946,3.157698176432772,12.442487441645449,0.6819489934267674,2.0883289825459525e-13,True,
translation,,gemini,optimized,r,machine_learning_workflows,01_pipeline_cv_gridsearch_classification,energy_joules,100,37.4335,36.705,3.9220092188993276,32.97,58.47,3.1603437128804184,12.749158132072122,0.6892982744038526,3.0585201267973024e-13,True,
translation,,gemini,optimized,r,machine_learning_workflows,02_regression_workflow_feature_importance,avg_power_watts,100,18.18478498961,18.250514977,0.253631769102477,17.291860144,18.532749601,-1.176243162074833,1.2018207935735958,0.9009272396121804,1.5635130157165346e-06,True,
translation,,gemini,optimized,r,machine_learning_workflows,02_regression_workflow_feature_importance,elapsed_seconds,100,2.51472128845,2.515227266,0.008593001447300148,2.496444762,2.537272492,0.20451942207763993,-0.03243508204332368,0.9904179858873425,0.6983808454595315,False,
translation,,gemini,optimized,r,machine_learning_workflows,02_regression_workflow_feature_importance,energy_joules,100,45.72979999999998,45.955,0.664516198280958,43.27,46.64,-1.5020478973016556,2.334125863895986,0.8622025050581097,3.441399265005635e-08,True,
translation,,gemini,optimized,r,statistical_modelling_analysis,01_linear_regression_inference,avg_power_watts,100,17.03673929418,17.009954345,0.2855320468140789,16.348175819,18.337981634,0.8689442599272541,3.2917452342710547,0.9556718538962216,0.001999739593525034,True,
translation,,gemini,optimized,r,statistical_modelling_analysis,01_linear_regression_inference,elapsed_seconds,100,0.08805601523,0.08801260150000001,0.00024320850673136885,0.087464222,0.088894527,0.6940982169649247,0.9914518736101545,0.9686249840961206,0.01736400439271702,True,
translation,,gemini,optimized,r,statistical_modelling_analysis,01_linear_regression_inference,energy_joules,100,1.5002000000000002,1.5,0.026245923204347113,1.44,1.62,0.9390058200246006,3.482340291444485,0.9409758849221952,0.00022122118176110756,True,
translation,,gemini,optimized,r,statistical_modelling_analysis,02_logistic_regression_odds_ratios,avg_power_watts,100,16.966003496840003,16.940847081,0.25425882713077624,16.481701697,17.498119342,0.19109328595636985,-0.6015424608470386,0.9787415873714633,0.10601665948400395,False,
translation,,gemini,optimized,r,statistical_modelling_analysis,02_logistic_regression_odds_ratios,elapsed_seconds,100,0.08993794813000001,0.08984449350000001,0.00028911466586944653,0.089415181,0.090970805,1.1546925605948615,1.5821878976235393,0.9199751797046402,1.4031980485799625e-05,True,
translation,,gemini,optimized,r,statistical_modelling_analysis,02_logistic_regression_odds_ratios,energy_joules,100,1.5259,1.52,0.02420848002354766,1.48,1.58,0.2844438501604501,-0.5873144572931279,0.9625508140575161,0.006138029584530257,True,
translation,,gpt,base,python,data_manipulation_preprocessing,01_impute_encode_scale,avg_power_watts,100,16.985791613849997,17.038994015500002,0.3567195819538247,16.13445127,17.637026408,-0.5727798736264005,-0.10213698403911531,0.9615650527598544,0.005207372798788147,True,
translation,,gpt,base,python,data_manipulation_preprocessing,01_impute_encode_scale,elapsed_seconds,100,0.5902772596699999,0.5902521165,0.0010282801198196986,0.588176819,0.59358553,0.46711732672799056,0.25693371563329004,0.9829641642098359,0.22459334330600483,False,
translation,,gpt,base,python,data_manipulation_preprocessing,01_impute_encode_scale,energy_joules,100,10.0264,10.06,0.21468567580055126,9.49,10.41,-0.5988260140307214,-0.01944117191479844,0.9623194805808295,0.005905033838313738,True,
translation,,gpt,base,python,data_manipulation_preprocessing,02_merge_aggregate_reshape,avg_power_watts,100,16.84644170555,16.8272841695,0.2831932688323608,16.236667396,17.471268172,0.03295051694418887,-0.5408905885731841,0.9869112784565507,0.4316876357540542,False,
translation,,gpt,base,python,data_manipulation_preprocessing,02_merge_aggregate_reshape,elapsed_seconds,100,0.17480196568,0.17470185,0.0005471636988064662,0.173772363,0.176404009,0.6292369626592808,0.33352202640951356,0.9655668909337143,0.010229032286604793,True,
translation,,gpt,base,python,data_manipulation_preprocessing,02_merge_aggregate_reshape,energy_joules,100,2.9447999999999994,2.9450000000000003,0.05088072802985903,2.84,3.07,0.056361062338550136,-0.5055966404436205,0.9854515483509918,0.34213773517322915,False,
translation,,gpt,base,python,data_visualization,01_scatter_trend_grouped,avg_power_watts,100,17.1597183838,17.1651959765,0.29374332571635375,16.466340573,17.780118042,-0.402076759558094,-0.15676362715631464,0.9688135262166604,0.017946186225748638,True,
translation,,gpt,base,python,data_visualization,01_scatter_trend_grouped,elapsed_seconds,100,0.8315540483600001,0.831394877,0.001665976602018484,0.827126119,0.83576498,0.08864721090859995,-0.07101155836715911,0.9943904241047095,0.9561348724999832,False,
translation,,gpt,base,python,data_visualization,01_scatter_trend_grouped,energy_joules,100,14.269400000000001,14.27,0.25544107229288987,13.65,14.86,-0.3950661279626525,-0.06932456928647746,0.9735240206258153,0.04137981771442167,True,
translation,,gpt,base,python,data_visualization,02_distribution_boxplot,avg_power_watts,100,17.22173393558,17.2822877945,0.33749719694143027,16.381341358,17.840941324,-0.6556358263677955,-0.23339877285846589,0.9527216327502713,0.0012591276693944187,True,
translation,,gpt,base,python,data_visualization,02_distribution_boxplot,elapsed_seconds,100,0.46088036891000006,0.4608281285,0.0010443204264859141,0.458316516,0.46426107,0.42748095124857505,0.48061960112450297,0.979774469463699,0.12766396837109176,False,
translation,,gpt,base,python,data_visualization,02_distribution_boxplot,energy_joules,100,7.937199999999999,7.96,0.1585609528149215,7.54,8.2,-0.7131831047461,-0.13916822031415377,0.9456220385446723,0.00043189168976975195,True,
translation,,gpt,base,python,machine_learning_workflows,01_pipeline_cv_gridsearch_classification,avg_power_watts,100,17.071329226359996,17.0534322395,0.2273729660283728,16.3474799,17.467220181,-0.6007779440572274,0.469821095963058,0.9490773509961075,0.0007216111640908694,True,
translation,,gpt,base,python,machine_learning_workflows,01_pipeline_cv_gridsearch_classification,elapsed_seconds,100,2.4325307672500003,2.430310118,0.00793755783461807,2.420238004,2.470335896,1.9632461091243043,5.655539072840249,0.8399398913370656,5.1280948774709545e-09,True,
translation,,gpt,base,python,machine_learning_workflows,01_pipeline_cv_gridsearch_classification,energy_joules,100,41.5266,41.47,0.5744197247675431,39.74,42.88,-0.4675934996490795,0.5082664742534813,0.97230214550049,0.03325431388735561,True,
translation,,gpt,base,python,machine_learning_workflows,02_regression_workflow_feature_importance,avg_power_watts,100,16.11174749443,16.157369163,0.18727539321076517,15.687685308,16.436279975,-0.06842568123434283,-1.329578676053693,0.9245070441722474,2.4609218567564893e-05,True,
translation,,gpt,base,python,machine_learning_workflows,02_regression_workflow_feature_importance,elapsed_seconds,100,12.256214230290002,12.253131128,0.0336057023891752,12.192307447,12.358092335,0.7833861360460189,0.5470869528693658,0.9524496837167902,0.0012072205015345719,True,
translation,,gpt,base,python,machine_learning_workflows,02_regression_workflow_feature_importance,energy_joules,100,197.46930000000003,198.09,2.380544991077769,192.36,201.7,-0.10933936472941276,-1.255993683937213,0.9395650446021706,0.0001813860241222385,True,
translation,,gpt,base,python,statistical_modelling_analysis,01_linear_regression_inference,avg_power_watts,100,17.182117452009994,17.189802294499998,0.34864695880534824,16.332639342,17.794601427,-0.2596673228834686,-0.6139729475045463,0.9761961844973907,0.06695282198546805,False,
translation,,gpt,base,python,statistical_modelling_analysis,01_linear_regression_inference,elapsed_seconds,100,0.58409813803,0.5839948045000001,0.0010103558491194238,0.582060444,0.586847439,0.41414043722480604,-0.10034143917094962,0.983762198817896,0.2577361901515413,False,
translation,,gpt,base,python,statistical_modelling_analysis,01_linear_regression_inference,energy_joules,100,10.0361,10.045,0.20712995481537233,9.53,10.39,-0.2945850968863879,-0.591727916605691,0.9740149401344126,0.04519211706800219,True,
translation,,gpt,base,python,statistical_modelling_analysis,02_logistic_regression_odds_ratios,avg_power_watts,100,17.13320974326,17.179215628999998,0.3344155646412122,16.255979132,17.778419081,-0.5212950577567285,-0.1921370435273655,0.9701810047715618,0.022821746669822077,True,
translation,,gpt,base,python,statistical_modelling_analysis,02_logistic_regression_odds_ratios,elapsed_seconds,100,0.73936131982,0.7393342685,0.001366306838128014,0.735693567,0.742579232,-0.17722762296073777,-0.29089081737856093,0.9897188468015029,0.6418922386740971,False,
translation,,gpt,base,python,statistical_modelling_analysis,02_logistic_regression_odds_ratios,energy_joules,100,12.667600000000002,12.7,0.24668353750659494,12.0,13.15,-0.5185655358957806,-0.07663406017258545,0.9733388260785331,0.04002838414037405,True,
translation,,gpt,base,r,data_manipulation_preprocessing,01_impute_encode_scale,avg_power_watts,100,17.827926499129997,17.8771149775,0.3431945104692317,17.053532542,18.529287554,-0.40533587481633016,-0.3465218146832405,0.9745119061136578,0.049416588650445036,True,
translation,,gpt,base,r,data_manipulation_preprocessing,01_impute_encode_scale,elapsed_seconds,100,0.4259760136099999,0.4259295485,0.0008089061431381801,0.424240944,0.428510809,0.20744926017779416,-0.09631987964816124,0.9853547218091722,0.3367493242665907,False,
translation,,gpt,base,r,data_manipulation_preprocessing,01_impute_encode_scale,energy_joules,100,7.5943,7.605,0.14853666690127865,7.27,7.94,-0.35537942247217696,-0.3450943247017717,0.9747817566896065,0.05187650894083688,False,
translation,,gpt,base,r,data_manipulation_preprocessing,02_merge_aggregate_reshape,avg_power_watts,100,17.816201823329997,17.863829629,0.30232385440345105,16.968088264,18.49702988,-0.5308369722004906,0.11388682250163784,0.9754242318230043,0.05824524634845752,False,
translation,,gpt,base,r,data_manipulation_preprocessing,02_merge_aggregate_reshape,elapsed_seconds,100,0.4319665892900001,0.4319934605,0.0007748608469998979,0.429955442,0.433609473,-0.04117685488590634,-0.23464593402203215,0.9920370325177604,0.8239022520269643,False,
translation,,gpt,base,r,data_manipulation_preprocessing,02_merge_aggregate_reshape,energy_joules,100,7.6961,7.72,0.13686899288049578,7.34,8.02,-0.4845217133138336,-0.026526931414392774,0.9754701428029304,0.05872958373320083,False,
translation,,gpt,base,r,data_visualization,02_distribution_boxplot,avg_power_watts,100,18.17898532054,18.230929232,0.32792802196100396,17.363566814,18.689692991,-0.5063109346143903,-0.5386022236864836,0.9600755498562956,0.004071377423142801,True,
translation,,gpt,base,r,data_visualization,02_distribution_boxplot,elapsed_seconds,100,0.59938480232,0.599022118,0.0026515991289727077,0.595356001,0.611715663,2.177948086142886,5.984780055718485,0.7768878098290235,5.125090390555903e-11,True,
translation,,gpt,base,r,data_visualization,02_distribution_boxplot,energy_joules,100,10.8962,10.93,0.20172879083191142,10.35,11.21,-0.630635044689594,-0.3558795897619982,0.9513972922092268,0.0010266076880221554,True,
translation,,gpt,base,r,machine_learning_workflows,01_pipeline_cv_gridsearch_classification,avg_power_watts,100,18.658537302659997,18.726238777,0.2813498784595836,17.572852362,19.04293101,-1.876655821714662,4.115402860163325,0.8253099826907956,1.6051744760650829e-09,True,
translation,,gpt,base,r,machine_learning_workflows,01_pipeline_cv_gridsearch_classification,elapsed_seconds,100,2.37754120847,2.3302303484999998,0.22193931011113066,2.160845728,3.4115857,3.2512784450379235,11.873124339964365,0.6283709006422782,1.5380589393983047e-14,True,
translation,,gpt,base,r,machine_learning_workflows,01_pipeline_cv_gridsearch_classification,energy_joules,100,44.3529,43.295,4.086353316129483,40.5,63.6,3.1907768917253834,11.46774430011813,0.637138106459914,2.312055878930011e-14,True,
translation,,gpt,base,r,machine_learning_workflows,02_regression_workflow_feature_importance,avg_power_watts,100,18.115291059220002,18.1993656195,0.2702101290109337,17.164833709,18.473555704,-1.7346158150410345,2.805149308376296,0.810338160312274,5.20871061332439e-10,True,
translation,,gpt,base,r,machine_learning_workflows,02_regression_workflow_feature_importance,elapsed_seconds,100,1.7956507197299998,1.7955518595,0.0029255873378042346,1.789888489,1.810238232,1.5967200381934488,6.099004964952229,0.8953576762483584,8.608060101305359e-07,True,
translation,,gpt,base,r,machine_learning_workflows,02_regression_workflow_feature_importance,energy_joules,100,32.5288,32.68,0.49238500169987887,30.75,33.18,-1.6686594871712876,2.690572786948099,0.8277568427416065,1.940679996453456e-09,True,
translation,,gpt,base,r,statistical_modelling_analysis,02_logistic_regression_odds_ratios,avg_power_watts,100,17.810199848209997,17.8168430145,0.333419142164291,17.177648658,18.551196386,-0.03824498020338043,-0.6179182276040209,0.9838771246351384,0.26285000012095266,False,
translation,,gpt,base,r,statistical_modelling_analysis,02_logistic_regression_odds_ratios,elapsed_seconds,100,0.42482642979999996,0.424952568,0.0008029682239334413,0.423202048,0.4270883,-0.03500872389249256,-0.3822630307140096,0.984442878621864,0.2893303575489018,False,
translation,,gpt,base,r,statistical_modelling_analysis,02_logistic_regression_odds_ratios,energy_joules,100,7.566299999999997,7.57,0.145349839207258,7.27,7.88,-0.0451523131007919,-0.6142640323173394,0.9853806329310854,0.33818456356286136,False,
translation,,gpt,optimized,python,data_manipulation_preprocessing,01_impute_encode_scale,avg_power_watts,100,16.87456399881,16.9037227515,0.31053372218902925,16.3095305,17.957882287,0.3832277607175377,0.13567491847726743,0.9711051810634611,0.026875759962996397,True,
translation,,gpt,optimized,python,data_manipulation_preprocessing,01_impute_encode_scale,elapsed_seconds,100,0.17361023214000004,0.173526566,0.00045298451253684356,0.172609365,0.175066271,0.6802870008565596,0.5690175116640304,0.970032368961251,0.022231180025249143,True,
translation,,gpt,optimized,python,data_manipulation_preprocessing,01_impute_encode_scale,energy_joules,100,2.9296,2.93,0.054586045502823914,2.83,3.11,0.28187551963031804,-0.11043881734839056,0.9736394034892413,0.04224528020169203,True,
translation,,gpt,optimized,python,data_manipulation_preprocessing,02_merge_aggregate_reshape,avg_power_watts,100,16.87093040256,16.850659208499998,0.28362137972908363,16.286221488,17.564015369,0.062369191887514865,-0.46187281989498796,0.9884304071895743,0.5404639680738836,False,
translation,,gpt,optimized,python,data_manipulation_preprocessing,02_merge_aggregate_reshape,elapsed_seconds,100,0.17429981517999996,0.17423236549999999,0.0004967426085253336,0.17313928,0.176237369,1.101329542129455,2.2902854100594663,0.9327224274458833,7.126861509574015e-05,True,
translation,,gpt,optimized,python,data_manipulation_preprocessing,02_merge_aggregate_reshape,energy_joules,100,2.9406000000000008,2.94,0.05014766075090522,2.83,3.06,0.10264129209075477,-0.503406518418263,0.9880186591917981,0.5095839954551051,False,
translation,,gpt,optimized,python,data_visualization,01_scatter_trend_grouped,avg_power_watts,100,17.164651702820002,17.197072460999998,0.32930795529126006,16.378551452,18.009963727,-0.4540903553732134,0.20866328756442432,0.9677653531857264,0.014947520627989201,True,
translation,,gpt,optimized,python,data_visualization,01_scatter_trend_grouped,elapsed_seconds,100,0.37378958306,0.373828162,0.0009981736600570416,0.371508656,0.376677143,0.3279911012519309,0.6945932966629798,0.9822961822816205,0.19986797972947395,False,
translation,,gpt,optimized,python,data_visualization,01_scatter_trend_grouped,energy_joules,100,6.416,6.43,0.12593087730412214,6.09,6.74,-0.4248491394573394,0.31173204408110333,0.972865418810219,0.03677508669921998,True,
translation,,gpt,optimized,python,data_visualization,02_distribution_boxplot,avg_power_watts,100,17.30620873589,17.359867198,0.3349785446115956,16.456740311,17.872331947,-0.47842461613092224,-0.6778477566587471,0.9566460013964233,0.0023353517545699133,True,
translation,,gpt,optimized,python,data_visualization,02_distribution_boxplot,elapsed_seconds,100,0.46289271503000007,0.462744539,0.0012897642678565341,0.45961359,0.466574289,0.24683682093849713,0.09295344567323305,0.9937869286036501,0.9306727608900797,False,
translation,,gpt,optimized,python,data_visualization,02_distribution_boxplot,energy_joules,100,8.0109,8.035,0.15579768673481384,7.67,8.29,-0.4009168294167658,-0.793915382032305,0.9611979173157261,0.004899600199352519,True,
translation,,gpt,optimized,python,machine_learning_workflows,01_pipeline_cv_gridsearch_classification,avg_power_watts,100,17.090065056020002,17.1000511025,0.24076149503901015,16.290958897,17.491758599,-0.7401097976919768,0.8070798503852599,0.955516114446399,0.0019509659702201159,True,
translation,,gpt,optimized,python,machine_learning_workflows,01_pipeline_cv_gridsearch_classification,elapsed_seconds,100,2.4551003959999997,2.4520318555,0.01208908611458059,2.442742318,2.525523422,4.039977099819026,21.127204014135888,0.6181979623740927,9.66672175841113e-15,True,
translation,,gpt,optimized,python,machine_learning_workflows,01_pipeline_cv_gridsearch_classification,energy_joules,100,41.9575,41.97,0.60292950657518,39.85,43.06,-0.8121008182538224,1.124901019771098,0.9573432324713109,0.00261155175778139,True,
translation,,gpt,optimized,python,machine_learning_workflows,02_regression_workflow_feature_importance,avg_power_watts,100,16.190459088540003,16.0405594905,0.8248755963628339,15.447780431,23.777466189,8.169936763754817,74.13299599977978,0.28672885935986037,7.735457749831449e-20,True,
translation,,gpt,optimized,python,machine_learning_workflows,02_regression_workflow_feature_importance,elapsed_seconds,100,12.270647434639997,12.2558992815,0.09131538738932496,12.202579465,13.077507819,7.230627025783732,62.661235421982795,0.40790854503965945,3.1130979786578168e-18,True,
translation,,gpt,optimized,python,machine_learning_workflows,02_regression_workflow_feature_importance,energy_joules,100,198.7353,196.645,12.06734189095226,188.75,310.95,8.420633345146761,77.49116985535525,0.25864110923392536,3.5192811092500034e-20,True,
translation,,gpt,optimized,python,statistical_modelling_analysis,01_linear_regression_inference,avg_power_watts,100,17.20711958191,17.245212237,0.3287965781818454,16.420235704,17.87369092,-0.333127231802989,-0.5487409105186405,0.9759062215290594,0.0635377929416899,False,
translation,,gpt,optimized,python,statistical_modelling_analysis,01_linear_regression_inference,elapsed_seconds,100,0.58374667561,0.5837054669999999,0.0010619179780476538,0.581285908,0.586401955,0.014585664381059073,-0.258723019796697,0.988214930106487,0.5241877023897931,False,
translation,,gpt,optimized,python,statistical_modelling_analysis,01_linear_regression_inference,energy_joules,100,10.044599999999999,10.06,0.19278092449328293,9.57,10.39,-0.3946194268439546,-0.5040212426259605,0.9726898874748329,0.03563872169279012,True,
translation,,gpt,optimized,python,statistical_modelling_analysis,02_logistic_regression_odds_ratios,avg_power_watts,100,17.2069737305,17.1949243865,0.6484264593366118,16.184999717,22.704981207,6.121721591706604,52.625862424698795,0.5211116685363265,1.7088594484308747e-16,True,
translation,,gpt,optimized,python,statistical_modelling_analysis,02_logistic_regression_odds_ratios,elapsed_seconds,100,0.74002871583,0.739142881,0.0074926923742248295,0.735899873,0.812597017,9.352760676484467,91.34840960041822,0.21631877020404033,1.1201857970693509e-20,True,
translation,,gpt,optimized,python,statistical_modelling_analysis,02_logistic_regression_odds_ratios,energy_joules,100,12.7378,12.715,0.630682778960047,11.92,18.45,7.567895849377978,69.22926304966106,0.39939998950010047,2.3594896971312625e-18,True,
translation,,gpt,optimized,r,data_manipulation_preprocessing,01_impute_encode_scale,avg_power_watts,100,17.74877294472,17.799376576,0.34438700253998816,17.000667269,18.379162912,-0.36244401807572185,-0.6500918966686502,0.9710167920938932,0.02645778845457639,True,
translation,,gpt,optimized,r,data_manipulation_preprocessing,01_impute_encode_scale,elapsed_seconds,100,0.40128315918000007,0.401355994,0.0010317462572552152,0.396643923,0.404450509,-0.9571228635965626,4.633016167341731,0.9295968949013496,4.721784265013226e-05,True,
translation,,gpt,optimized,r,data_manipulation_preprocessing,01_impute_encode_scale,energy_joules,100,7.1223,7.14,0.14024405135118545,6.81,7.39,-0.3473004322526372,-0.6165441738855857,0.9738751682206359,0.044071587886581366,True,
translation,,gpt,optimized,r,data_manipulation_preprocessing,02_merge_aggregate_reshape,avg_power_watts,100,17.730350966019998,17.791900329500002,0.3389550368142445,16.823423433,18.278242074,-0.5524180530219243,-0.4478815342174678,0.9591901123282608,0.003522035555928722,True,
translation,,gpt,optimized,r,data_manipulation_preprocessing,02_merge_aggregate_reshape,elapsed_seconds,100,0.39473172389,0.394723527,0.00085813257559114,0.392897587,0.39757517,0.26441277265289614,0.25522846948655475,0.9891766263985936,0.598515579959322,False,
translation,,gpt,optimized,r,data_manipulation_preprocessing,02_merge_aggregate_reshape,energy_joules,100,6.998799999999999,7.01,0.13814996974814778,6.64,7.21,-0.5348070955477453,-0.45424390517076896,0.9587327022664158,0.0032692378474641795,True,
translation,,gpt,optimized,r,data_visualization,01_scatter_trend_grouped,avg_power_watts,100,17.96618994789,18.0489819265,0.3358335998877747,17.090701164,18.600170047,-0.5423705972100165,-0.3004855180241348,0.9648346619961846,0.009026754929460874,True,
translation,,gpt,optimized,r,data_visualization,01_scatter_trend_grouped,elapsed_seconds,100,0.41053452392000006,0.41008298249999997,0.002435819633007709,0.407385341,0.419624019,2.261343607595695,5.304366505883987,0.730834462958551,3.0032302662412734e-12,True,
translation,,gpt,optimized,r,data_visualization,01_scatter_trend_grouped,energy_joules,100,7.3755999999999995,7.41,0.13715227841617314,7.02,7.62,-0.5158241004932717,-0.5108751464517902,0.9593687962872515,0.003626282058296064,True,
translation,,gpt,optimized,r,data_visualization,02_distribution_boxplot,avg_power_watts,100,17.8650655108,17.882782085000002,0.3428484520240757,17.061942938,18.488568099,-0.2311377444303118,-0.6589612727527809,0.981659472816998,0.1786624432002242,False,
translation,,gpt,optimized,r,data_visualization,02_distribution_boxplot,elapsed_seconds,100,0.3707960718300001,0.370382527,0.0022811676753519195,0.367570224,0.379468397,2.4421057832767796,6.336810534072836,0.7098176274968857,9.188205316564068e-13,True,
translation,,gpt,optimized,r,data_visualization,02_distribution_boxplot,energy_joules,100,6.624200000000001,6.63,0.12853628187237934,6.33,6.87,-0.21325832320626184,-0.798392299942023,0.977212054352606,0.08043909509091707,False,
translation,,gpt,optimized,r,machine_learning_workflows,02_regression_workflow_feature_importance,avg_power_watts,100,18.01205245044,18.1016910665,0.2823743138932719,16.889069502,18.380861664,-1.5775861741915078,2.851720961990332,0.8591272454785677,2.6170679379599427e-08,True,
translation,,gpt,optimized,r,machine_learning_workflows,02_regression_workflow_feature_importance,elapsed_seconds,100,1.76985563338,1.7697417005,0.0025597623634616594,1.763958697,1.781380655,1.3466263826033311,4.654329516049535,0.9165177370447248,9.241733676959614e-06,True,
translation,,gpt,optimized,r,machine_learning_workflows,02_regression_workflow_feature_importance,energy_joules,100,31.878800000000002,32.055,0.5061406360235693,29.92,32.54,-1.5392097210684417,2.57293730965847,0.8577536285594775,2.318534710292071e-08,True,
translation,,gpt,optimized,r,statistical_modelling_analysis,01_linear_regression_inference,avg_power_watts,100,17.743572073609997,17.7598401785,0.35105110599219,16.969344343,18.603180403,-0.11176549532454544,-0.5026594704880378,0.9897882756494296,0.6474900124821246,False,
translation,,gpt,optimized,r,statistical_modelling_analysis,01_linear_regression_inference,elapsed_seconds,100,0.3965494018199999,0.3967725685,0.001423022670421631,0.392653088,0.399376596,-0.9038630517601419,0.7483645114737634,0.9218077171798935,1.7575219614349466e-05,True,
translation,,gpt,optimized,r,statistical_modelling_analysis,01_linear_regression_inference,energy_joules,100,7.036199999999999,7.05,0.14116957350948006,6.71,7.32,-0.2902016652585518,-0.5895157160623032,0.9799432357627035,0.13158818642558318,False,
translation,,gpt,optimized,r,statistical_modelling_analysis,02_logistic_regression_odds_ratios,avg_power_watts,100,17.634076493360002,17.689390463000002,0.35661824548736837,16.875678946,18.480547238,0.008324133990230876,-0.549019745690106,0.9843983162518675,0.28716452346680704,False,
translation,,gpt,optimized,r,statistical_modelling_analysis,02_logistic_regression_odds_ratios,elapsed_seconds,100,0.35049468488999996,0.35081108699999997,0.0015014617847267148,0.347279194,0.354426734,-0.21288084035053798,-0.2088967345342776,0.947573223735787,0.0005761319720403591,True,
translation,,gpt,optimized,r,statistical_modelling_analysis,02_logistic_regression_odds_ratios,energy_joules,100,6.180700000000001,6.19,0.13035503190684408,5.91,6.55,0.20742387737360918,-0.17702152860865183,0.987787842552978,0.4926981835348142,False,
translation,,llama,base,python,data_manipulation_preprocessing,02_merge_aggregate_reshape,avg_power_watts,100,17.02590598474,17.078833976,0.31978864945671265,16.120839322,17.580413408,-0.6493008524330082,-0.056409451227199536,0.9547438961434939,0.0017269222580794817,True,
translation,,llama,base,python,data_manipulation_preprocessing,02_merge_aggregate_reshape,elapsed_seconds,100,0.62264782997,0.622465543,0.0009603389002057477,0.620893279,0.624872816,0.2979543066417284,-0.7338257743507013,0.9746366948195591,0.050539069974955594,False,
translation,,llama,base,python,data_manipulation_preprocessing,02_merge_aggregate_reshape,energy_joules,100,10.6012,10.63,0.2027950151799056,10.05,10.97,-0.6139637542997131,-0.11099920631536664,0.9597505569877088,0.0038599901171776354,True,
translation,,llama,base,python,data_visualization,01_scatter_trend_grouped,avg_power_watts,100,17.18269072265,17.214232729000003,0.287419415794469,16.300335471,17.716700854,-0.8586827452384505,0.7144251362548326,0.9486090827999685,0.0006725710780053883,True,
translation,,llama,base,python,data_visualization,01_scatter_trend_grouped,elapsed_seconds,100,0.8315815350600001,0.831486344,0.0016570742041110969,0.826976845,0.835562002,-0.038466192940440486,-0.032244448973355766,0.991348588500355,0.7722840888147078,False,
translation,,llama,base,python,data_visualization,01_scatter_trend_grouped,energy_joules,100,14.288799999999998,14.32,0.2401232007015388,13.48,14.75,-0.9035839373928669,0.9232181696633548,0.9490900838967865,0.0007229960460098562,True,
translation,,llama,base,python,data_visualization,02_distribution_boxplot,avg_power_watts,100,17.276682134839998,17.3170513635,0.33690132042868237,16.336265109,17.912942475,-0.45609655002854277,-0.3096716801249775,0.9756926946205026,0.06113571038252156,False,
translation,,llama,base,python,data_visualization,02_distribution_boxplot,elapsed_seconds,100,0.47630718471,0.476126822,0.0013542675982190328,0.473434717,0.480281579,0.4585120829343981,0.09152162863919022,0.9828605979800784,0.22058559104445674,False,
translation,,llama,base,python,data_visualization,02_distribution_boxplot,energy_joules,100,8.229000000000001,8.254999999999999,0.1618173306072266,7.77,8.54,-0.3905354087906989,-0.33221872669525654,0.9808825368908819,0.15564653620381774,False,
translation,,llama,base,python,machine_learning_workflows,01_pipeline_cv_gridsearch_classification,avg_power_watts,100,16.973961798810002,17.010298276,0.26068012620009645,15.938529354,17.414696301,-1.1183915692168542,2.1855495578556123,0.9276571945406363,3.673596573188334e-05,True,
translation,,llama,base,python,machine_learning_workflows,01_pipeline_cv_gridsearch_classification,elapsed_seconds,100,2.29472619641,2.293567112,0.007236940167299757,2.280290325,2.322186928,0.9723396623762499,1.2384147115503854,0.9417992625535042,0.00024864001642541805,True,
translation,,llama,base,python,machine_learning_workflows,01_pipeline_cv_gridsearch_classification,energy_joules,100,38.9505,39.03,0.6043284527373165,36.58,39.91,-1.1404671563569946,2.1969330358426875,0.9253214400255441,2.7272506049499352e-05,True,
translation,,llama,base,python,machine_learning_workflows,02_regression_workflow_feature_importance,avg_power_watts,100,16.04598740577,16.105223887999998,0.15847038559157933,15.705321527,16.310159256,-0.1900172765317058,-1.3296483727510553,0.9236952265051398,2.2225598980804367e-05,True,
translation,,llama,base,python,machine_learning_workflows,02_regression_workflow_feature_importance,elapsed_seconds,100,12.213757989039998,12.208007585,0.03358115035290358,12.114259452,12.298422652,0.1907669221915177,0.2597041671096454,0.985856444938107,0.36541520398225513,False,
translation,,llama,base,python,machine_learning_workflows,02_regression_workflow_feature_importance,energy_joules,100,195.98170000000002,196.405,1.998676357447144,191.1,200.02,-0.1493730859351227,-1.1205991543101042,0.9465275303232117,0.0004934196433985374,True,
translation,,llama,base,python,statistical_modelling_analysis,01_linear_regression_inference,avg_power_watts,100,17.04937290308,17.0824338025,0.32522942840922,16.116108956,17.66011344,-0.7756592089556424,0.5982027613179959,0.9544919080420878,0.0016598001320664126,True,
translation,,llama,base,python,statistical_modelling_analysis,01_linear_regression_inference,elapsed_seconds,100,0.7304186623800001,0.7304547370000001,0.0017088525460535536,0.726844902,0.738091747,0.8398678927598086,3.054719226822659,0.9552597174596709,0.0018733713183614674,True,
translation,,llama,base,python,statistical_modelling_analysis,01_linear_regression_inference,energy_joules,100,12.453299999999999,12.48,0.24554229819324458,11.76,12.93,-0.7049010244229414,0.3975228367679837,0.9613815506226654,0.005051088898126911,True,
translation,,llama,base,python,statistical_modelling_analysis,02_logistic_regression_odds_ratios,avg_power_watts,100,16.967760023719997,16.9926222475,0.33564857461495085,15.997142622,17.584703108,-0.5746343141873015,0.052893449759889855,0.9603671393161696,0.00427136512216902,True,
translation,,llama,base,python,statistical_modelling_analysis,02_logistic_regression_odds_ratios,elapsed_seconds,100,0.6383854083199999,0.6383003555,0.0010080685152813339,0.635513525,0.641976815,0.3313112916657666,1.0756921394151258,0.9806701702686625,0.14986339460453127,False,
translation,,llama,base,python,statistical_modelling_analysis,02_logistic_regression_odds_ratios,energy_joules,100,10.831999999999995,10.85,0.2164357744099724,10.2,11.25,-0.5696948288727522,0.07806595473318856,0.9622102483950363,0.005798249152047113,True,
translation,,llama,base,r,data_visualization,02_distribution_boxplot,avg_power_watts,100,18.13571780765,18.204457118,0.3209902891028243,17.202782307,18.617684622,-1.1661445536095376,0.9861580088590984,0.8999413578096549,1.4048586492036169e-06,True,
translation,,llama,base,r,data_visualization,02_distribution_boxplot,elapsed_seconds,100,1.02942632894,1.0291860705,0.0018756688384763951,1.025107873,1.034490887,0.42222460484494173,0.19779209974758727,0.9812074687090656,0.16490823558036494,False,
translation,,llama,base,r,data_visualization,02_distribution_boxplot,energy_joules,100,18.6695,18.744999999999997,0.3385691072795041,17.67,19.18,-1.1091321467658954,0.8726474274343063,0.9097505229515701,4.187384533686901e-06,True,
translation,,llama,optimized,python,data_manipulation_preprocessing,01_impute_encode_scale,avg_power_watts,100,16.992793125600002,17.060710629,0.3469665211965242,16.122876616,17.634225364,-0.581092464654269,-0.16700498441629508,0.9628692388781406,0.006474574440750076,True,
translation,,llama,optimized,python,data_manipulation_preprocessing,01_impute_encode_scale,elapsed_seconds,100,0.58985211088,0.5899472015,0.001216014870990574,0.587184757,0.592928967,0.2028690692483536,-0.22336975313518614,0.985856508494171,0.36541895237570227,False,
translation,,llama,optimized,python,data_manipulation_preprocessing,01_impute_encode_scale,energy_joules,100,10.0233,10.06,0.20891762912108625,9.52,10.44,-0.5168154116428616,-0.17719689267453864,0.9667772347831877,0.012595581900289109,True,
translation,,llama,optimized,python,data_manipulation_preprocessing,02_merge_aggregate_reshape,avg_power_watts,100,16.80761274108,16.795536161,0.2901890060890412,16.221227927,17.376528439,0.08609111336990208,-0.8389000403200555,0.9787372487454847,0.10593379001444674,False,
translation,,llama,optimized,python,data_manipulation_preprocessing,02_merge_aggregate_reshape,elapsed_seconds,100,0.17396705716999997,0.173939681,0.000479466199044228,0.173003919,0.17551201,0.56693491890991,0.5364083464643343,0.9791245615198932,0.1135880581116663,False,
translation,,llama,optimized,python,data_manipulation_preprocessing,02_merge_aggregate_reshape,energy_joules,100,2.923999999999999,2.92,0.0527812332733765,2.83,3.03,0.09883692870239978,-0.8586629683335456,0.9740589146799247,0.04555062427867438,True,
translation,,llama,optimized,python,data_visualization,01_scatter_trend_grouped,avg_power_watts,100,17.12200498582,17.1832420355,0.3091654648693959,16.210820398,17.599948749,-1.0520145279672157,0.6426739638060126,0.9131223755795207,6.186693479416772e-06,True,
translation,,llama,optimized,python,data_visualization,01_scatter_trend_grouped,elapsed_seconds,100,0.8331589038,0.8329471070000001,0.0016384953408978922,0.82859295,0.837646991,0.30551036907461165,0.26141537943675797,0.9869615630800863,0.4350465732291665,False,
translation,,llama,optimized,python,data_visualization,01_scatter_trend_grouped,energy_joules,100,14.2654,14.335,0.2617208783834759,13.5,14.66,-1.064679196819515,0.682321038765501,0.9115427793409814,5.147695797797195e-06,True,
translation,,llama,optimized,python,data_visualization,02_distribution_boxplot,avg_power_watts,100,17.15783269103,17.204610608,0.31274323094641254,16.375750861,17.819952521,-0.5113225976575941,-0.34295666368324973,0.9631285853352208,0.006762912227614124,True,
translation,,llama,optimized,python,data_visualization,02_distribution_boxplot,elapsed_seconds,100,0.47648519939000006,0.476470532,0.0012032888980211501,0.474036307,0.479928079,0.3427464453835314,-0.04888832488329431,0.9873638858229123,0.4625505070649907,False,
translation,,llama,optimized,python,data_visualization,02_distribution_boxplot,energy_joules,100,8.1754,8.19,0.14756898746215638,7.84,8.52,-0.4291217778630344,-0.3608261966779014,0.9689727941236417,0.018453720828146926,True,
translation,,llama,optimized,python,statistical_modelling_analysis,02_logistic_regression_odds_ratios,avg_power_watts,100,16.982745169559998,17.044457733,0.31854307747945926,16.213816776,17.507941166,-0.8191802877445525,0.04350098222213372,0.9298733896922702,4.89514115386772e-05,True,
translation,,llama,optimized,python,statistical_modelling_analysis,02_logistic_regression_odds_ratios,elapsed_seconds,100,0.6384821963,0.6382762479999999,0.0012275932197781574,0.635803762,0.641836788,0.237568994946419,0.07933464023508696,0.9839440808358231,0.26587007938430846,False,
translation,,llama,optimized,python,statistical_modelling_analysis,02_logistic_regression_odds_ratios,energy_joules,100,10.8432,10.875,0.20548479262466116,10.34,11.17,-0.8007392509994503,0.04827285153105443,0.9342398435750594,8.732489745713e-05,True,
translation,,starcoder,base,python,data_manipulation_preprocessing,01_impute_encode_scale,avg_power_watts,100,16.931587713570003,16.974673816,0.33311392450663235,16.02766583,17.558838005,-0.6870383075483628,0.3118003140678556,0.9606689053589136,0.0044891976789174,True,
translation,,starcoder,base,python,data_manipulation_preprocessing,01_impute_encode_scale,elapsed_seconds,100,0.59006754003,0.5899052915,0.001028499744685431,0.587403662,0.593078474,0.49915409599887345,0.5174089089786693,0.9692206562006771,0.019273337149867814,True,
translation,,starcoder,base,python,data_manipulation_preprocessing,01_impute_encode_scale,energy_joules,100,9.9908,10.01,0.19825847836202173,9.47,10.36,-0.726499034669921,0.3136573792013646,0.9558865354919137,0.002069081305399519,True,
translation,,starcoder,base,python,data_manipulation_preprocessing,02_merge_aggregate_reshape,avg_power_watts,100,16.92144012767,16.950153461,0.3083386277447563,16.159769164,17.481739375,-0.5109287750321787,-0.11916553178753286,0.9691330958708481,0.018979575768072608,True,
translation,,starcoder,base,python,data_manipulation_preprocessing,02_merge_aggregate_reshape,elapsed_seconds,100,0.62290803732,0.6227749645,0.0012448227678049728,0.620253241,0.626853492,0.573584217051385,0.7419610068733307,0.9759278102545138,0.06378589437137294,False,
translation,,starcoder,base,python,data_manipulation_preprocessing,02_merge_aggregate_reshape,energy_joules,100,10.5405,10.565000000000001,0.19320463323385983,10.06,10.89,-0.4634310793051083,-0.2520640004630379,0.9723274486965375,0.033404805484554954,True,
translation,,starcoder,base,python,data_visualization,01_scatter_trend_grouped,avg_power_watts,100,17.07664332332,17.111005294,0.3054351928941215,16.117223216,17.619711154,-0.7905508504644373,0.6274012671606322,0.9545648823364816,0.0016789516418231462,True,
translation,,starcoder,base,python,data_visualization,01_scatter_trend_grouped,elapsed_seconds,100,0.83182965867,0.831766534,0.0015071604068523934,0.827679342,0.836376567,0.5761600863710665,1.3823010826999846,0.9540277793065123,0.0015432437428398768,True,
translation,,starcoder,base,python,data_visualization,01_scatter_trend_grouped,energy_joules,100,14.2049,14.21,0.25765647398398245,13.41,14.66,-0.7826912039501982,0.5957915559086828,0.9540155874965048,0.0015403005268852495,True,
translation,,starcoder,base,python,data_visualization,02_distribution_boxplot,avg_power_watts,100,17.16821163882,17.1750283985,0.29654285600661734,16.450950965,17.645740876,-0.41641559732533917,-0.5192042080622086,0.9668978775828789,0.012860837657534872,True,
translation,,starcoder,base,python,data_visualization,02_distribution_boxplot,elapsed_seconds,100,0.4218128890200001,0.4217898335,0.0009145382591599737,0.419904799,0.424240561,0.23637701049113918,-0.2241087380444302,0.9874064786697166,0.4655264894254317,False,
translation,,starcoder,base,python,data_visualization,02_distribution_boxplot,energy_joules,100,7.2418,7.26,0.12763885289235713,6.93,7.46,-0.3725439200971803,-0.4466421019313813,0.9743143424963427,0.04769105864474488,True,
translation,,starcoder,base,python,statistical_modelling_analysis,01_linear_regression_inference,avg_power_watts,100,16.99058788543,17.0144167835,0.33271674499736786,16.037395012,17.64120458,-0.5586052263761684,-0.08958337286394524,0.9718207731052453,0.03052018015132268,True,
translation,,starcoder,base,python,statistical_modelling_analysis,01_linear_regression_inference,elapsed_seconds,100,0.63658034409,0.6363168845,0.0013424816671403013,0.63297396,0.640678066,0.5644007843512611,1.0869813390915155,0.967981092987084,0.015519154813929983,True,
translation,,starcoder,base,python,statistical_modelling_analysis,01_linear_regression_inference,energy_joules,100,10.815900000000001,10.83,0.21429751338367,10.22,11.24,-0.5668609513209536,-0.012715719288958205,0.9715842732724144,0.02926258700186646,True,
translation,,starcoder,base,python,statistical_modelling_analysis,02_logistic_regression_odds_ratios,avg_power_watts,100,16.95521737757,16.990589081499998,0.3435345209740095,16.051075868,17.547667232,-0.6620494151652068,-0.04489029925528909,0.9576285875991605,0.0027342905246176916,True,
translation,,starcoder,base,python,statistical_modelling_analysis,02_logistic_regression_odds_ratios,elapsed_seconds,100,0.63783624721,0.6376194420000001,0.0013479472342328568,0.63542267,0.644956109,1.609569394113521,6.643445993161624,0.9042226574641409,2.2456031385465263e-06,True,
translation,,starcoder,base,python,statistical_modelling_analysis,02_logistic_regression_odds_ratios,energy_joules,100,10.8147,10.84,0.22262644800996884,10.22,11.21,-0.6519644077941751,-0.020566293999724206,0.9611784524370405,0.004883823705716548,True,
translation,,starcoder,base,r,data_manipulation_preprocessing,01_impute_encode_scale,avg_power_watts,100,17.80751975446,17.884328756,0.2932569862744998,16.897578091,18.216192939,-1.4509524367201945,1.6425447566487232,0.8506932714947453,1.258026219975244e-08,True,
translation,,starcoder,base,r,data_manipulation_preprocessing,01_impute_encode_scale,elapsed_seconds,100,1.26353234684,1.2638854130000001,0.0015755556893538023,1.259047095,1.267460646,-0.2674352134949157,0.25440928641014837,0.97301322718841,0.03776072087591703,True,
translation,,starcoder,base,r,data_manipulation_preprocessing,01_impute_encode_scale,energy_joules,100,22.5005,22.59,0.37886959724576974,21.36,22.98,-1.4339943870624787,1.5455298107555944,0.8498940929418187,1.1752510702682834e-08,True,
translation,,starcoder,optimized,python,statistical_modelling_analysis,02_logistic_regression_odds_ratios,avg_power_watts,100,16.97856399396,16.9745120805,0.3177783932981963,16.289282098,17.539064397,-0.3233748424455298,-0.7505967750907949,0.9623193839001123,0.005904938419865832,True,
translation,,starcoder,optimized,python,statistical_modelling_analysis,02_logistic_regression_odds_ratios,elapsed_seconds,100,0.63895433552,0.6389487949999999,0.0011884530493696055,0.636523222,0.641754311,0.2238877872882096,-0.7660735377848198,0.9781029382912559,0.094480811480879,False,
translation,,starcoder,optimized,python,statistical_modelling_analysis,02_logistic_regression_odds_ratios,energy_joules,100,10.848500000000001,10.85,0.20253631673346775,10.39,11.21,-0.3646131177434004,-0.6236362215278684,0.9663190818564941,0.011638977662520218,True,
translation,,starcoder,optimized,r,data_manipulation_preprocessing,01_impute_encode_scale,avg_power_watts,100,17.84219486049,17.886356679499997,0.32804173371431317,16.955999881,19.547678019,0.5767529169368844,7.340934541698733,0.8529741892294105,1.529678227432115e-08,True,
translation,,starcoder,optimized,r,data_manipulation_preprocessing,01_impute_encode_scale,elapsed_seconds,100,1.2756163322499998,1.2746277375,0.005993621576766402,1.27043375,1.327011831,6.905801123414015,56.31581107792094,0.3857757325194642,1.5230255679180485e-18,True,
translation,,starcoder,optimized,r,data_manipulation_preprocessing,01_impute_encode_scale,energy_joules,100,22.761000000000003,22.79,0.49748965777788734,21.61,25.94,2.1773832931690125,16.46135030006585,0.7783361721310139,5.638198307881317e-11,True,
translation,,starcoder,optimized,r,machine_learning_workflows,01_pipeline_cv_gridsearch_classification,avg_power_watts,100,18.00683616748,18.0648253865,0.23960292277473044,16.940058077,18.348588928,-1.7769625866966425,4.690466825779299,0.8595370608264936,2.7137491563648136e-08,True,
translation,,starcoder,optimized,r,machine_learning_workflows,01_pipeline_cv_gridsearch_classification,elapsed_seconds,100,2.4413462267400003,2.4407651635,0.019153588752619324,2.396414084,2.508094774,0.32604996925727203,0.6893955926342805,0.9890722926261352,0.5902642403872189,False,
translation,,starcoder,optimized,r,machine_learning_workflows,01_pipeline_cv_gridsearch_classification,energy_joules,100,43.96099999999999,44.015,0.6850473698875862,41.08,46.02,-0.7961957229005359,2.893935907852362,0.9534962150579627,0.001420240521191199,True,
