model,prompt_type,language,category,snippet,matched_original_model,candidate_runs,original_runs,elapsed_seconds_u_stat,elapsed_seconds_p_value,elapsed_seconds_candidate_mean,elapsed_seconds_original_mean,elapsed_seconds_candidate_median,elapsed_seconds_original_median,elapsed_seconds_mean_pct_diff_vs_original,elapsed_seconds_median_pct_diff_vs_original,elapsed_seconds_rank_biserial,elapsed_seconds_cliffs_delta,elapsed_seconds_cliffs_delta_abs,elapsed_seconds_cliffs_delta_magnitude,elapsed_seconds_cliffs_delta_direction,energy_joules_u_stat,energy_joules_p_value,energy_joules_candidate_mean,energy_joules_original_mean,energy_joules_candidate_median,energy_joules_original_median,energy_joules_mean_pct_diff_vs_original,energy_joules_median_pct_diff_vs_original,energy_joules_rank_biserial,energy_joules_cliffs_delta,energy_joules_cliffs_delta_abs,energy_joules_cliffs_delta_magnitude,energy_joules_cliffs_delta_direction,avg_power_watts_u_stat,avg_power_watts_p_value,avg_power_watts_candidate_mean,avg_power_watts_original_mean,avg_power_watts_candidate_median,avg_power_watts_original_median,avg_power_watts_mean_pct_diff_vs_original,avg_power_watts_median_pct_diff_vs_original,avg_power_watts_rank_biserial,avg_power_watts_cliffs_delta,avg_power_watts_cliffs_delta_abs,avg_power_watts_cliffs_delta_magnitude,avg_power_watts_cliffs_delta_direction,elapsed_seconds_p_value_fdr_bh,energy_joules_p_value_fdr_bh,avg_power_watts_p_value_fdr_bh
gemini,base,python,data_manipulation_preprocessing,01_impute_encode_scale,original,30,30,0.0,3.0198593591621564e-11,0.1727563323,0.5877041638,0.172794851,0.587691752,-70.60488202380846,-70.59770697615645,-1.0,-1.0,1.0,large,candidate_lower_elapsed_seconds,0.0,3.0198593591621564e-11,2.7705380206,9.499587221966667,2.7685199794999997,9.5073405555,-70.83517466744807,-70.8801850176871,-1.0,-1.0,1.0,large,candidate_lower_energy_joules,309.0,0.037782017894167214,16.037296480533332,16.1640993963,16.0111027035,16.141549785000002,-0.7844725069909738,-0.8081447149592991,-0.31333333333333335,-0.31333333333333335,0.31333333333333335,small,candidate_lower_avg_power_watts,4.0744134210917984e-11,4.667055373250606e-11,0.05734770573221809
gemini,base,python,data_manipulation_preprocessing,02_merge_aggregate_reshape,original,30,30,0.0,3.0198593591621564e-11,0.1736458229333334,0.6203006892333333,0.1734220725,0.619173945,-72.00618571809864,-71.99138079041747,-1.0,-1.0,1.0,large,candidate_lower_elapsed_seconds,0.0,3.0198593591621564e-11,2.7789139749000005,9.971933694333336,2.768084301,9.9610617495,-72.13264688593799,-72.21095129604086,-1.0,-1.0,1.0,large,candidate_lower_energy_joules,351.0,0.14531912724086538,16.003457813066667,16.076345269300003,15.945366271000001,16.0858647905,-0.4533832473262682,-0.8734284499455396,-0.21999999999999997,-0.22,0.22,small,candidate_lower_avg_power_watts,4.0744134210917984e-11,4.667055373250606e-11,0.1960654891345009
gemini,base,python,data_visualization,01_scatter_trend_grouped,original,30,30,496.0,0.501143667603293,0.9120858702666667,0.9117480123333335,0.91303625,0.9092514925,0.037056064698023736,0.41624979790725586,0.10222222222222221,0.10222222222222223,0.10222222222222223,negligible,candidate_higher_elapsed_seconds,352.0,0.14944870623046316,14.766902830933335,14.861679919766665,14.7822741445,14.839879339,-0.6377279644360596,-0.38817832129274366,-0.21777777777777774,-0.21777777777777776,0.21777777777777776,small,candidate_lower_energy_joules,324.0,0.0635326507348074,16.19034661783333,16.301168091766666,16.1972460645,16.3029950235,-0.6798376245767821,-0.6486474347048959,-0.28,-0.28,0.28,small,candidate_lower_avg_power_watts,0.5071096636461894,0.16079924088087807,0.094741672148397
gemini,base,python,data_visualization,02_distribution_boxplot,original,30,30,0.0,3.0198593591621564e-11,0.48223477750000004,0.8475414639000001,0.482369045,0.845047822,-43.10192503373521,-42.91813641287629,-1.0,-1.0,1.0,large,candidate_lower_elapsed_seconds,0.0,3.0198593591621564e-11,7.8933911315000005,13.984664556066669,7.876742575,13.991418737,-43.55680753117686,-43.70304596652427,-1.0,-1.0,1.0,large,candidate_lower_energy_joules,280.0,0.012211939665202362,16.368499737133334,16.50072567333333,16.362596184,16.5301748455,-0.8013340674688427,-1.0137742828873852,-0.37777777777777777,-0.37777777777777777,0.37777777777777777,medium,candidate_lower_avg_power_watts,4.0744134210917984e-11,4.667055373250606e-11,0.019585186255513223
gemini,base,python,machine_learning_workflows,01_pipeline_cv_gridsearch_classification,original,30,30,0.0,3.0198593591621564e-11,2.5647560284333335,3.115271052633334,2.563350341,2.7244318635,-17.671496794304655,-5.912481228033471,-1.0,-1.0,1.0,large,candidate_lower_elapsed_seconds,0.0,3.0198593591621564e-11,42.10809371523333,96.64283546966665,42.1936509175,100.956781893,-56.42916155078063,-58.206224360222436,-1.0,-1.0,1.0,large,candidate_lower_energy_joules,0.0,3.0198593591621564e-11,16.417902168866664,32.89970124763333,16.42513943,36.9420801825,-50.09710864761211,-55.53813063894321,-1.0,-1.0,1.0,large,candidate_lower_avg_power_watts,4.0744134210917984e-11,4.667055373250606e-11,1.6043002845548956e-10
gemini,base,python,machine_learning_workflows,02_regression_workflow_feature_importance,original,30,30,838.0,1.0104532753263796e-08,12.2705374663,12.182617280799999,12.2565238705,12.174177088,0.7216855251503731,0.6764053283007424,0.8622222222222222,0.8622222222222222,0.8622222222222222,large,candidate_higher_elapsed_seconds,564.0,0.09334079652708833,190.39895163449998,189.5356866025333,190.54995880799999,189.1339853995,0.4554630568210569,0.7486615403937462,0.2533333333333334,0.25333333333333335,0.25333333333333335,small,candidate_higher_energy_joules,389.0,0.37107703212651433,15.516995953666669,15.5577626928,15.543807021,15.531491187,-0.262034715005638,0.0792958889247375,-0.13555555555555554,-0.13555555555555557,0.13555555555555557,negligible,candidate_lower_avg_power_watts,1.1928962278158647e-08,0.1030385416208118,0.4442471511373763
gemini,base,python,statistical_modelling_analysis,01_linear_regression_inference,original,30,30,0.0,3.0198593591621564e-11,0.5792742247333333,0.7242042895333333,0.579537572,0.7233002425,-20.01231791838609,-19.875932849559362,-1.0,-1.0,1.0,large,candidate_lower_elapsed_seconds,0.0,3.0198593591621564e-11,9.333009046933334,11.792974864333333,9.3105502825,11.7634327765,-20.859586709032325,-20.851757651050328,-1.0,-1.0,1.0,large,candidate_lower_energy_joules,241.0,0.002052333872380414,16.111594321800002,16.2843045934,16.09103735,16.220004307499998,-1.060593472747979,-0.7951105009285624,-0.46444444444444444,-0.46444444444444444,0.46444444444444444,medium,candidate_lower_avg_power_watts,4.0744134210917984e-11,4.667055373250606e-11,0.003560171003108881
gemini,base,python,statistical_modelling_analysis,02_logistic_regression_odds_ratios,original,30,30,0.0,3.0198593591621564e-11,0.7306331826000001,0.7562265260666666,0.730396679,0.7555736799999999,-3.3843488140761537,-3.3321701994701387,-1.0,-1.0,1.0,large,candidate_lower_elapsed_seconds,1.0,3.3383888204288e-11,11.734873708199995,12.291509031666665,11.7064841945,12.2732115325,-4.528616641232647,-4.617596107581794,-0.9977777777777778,-0.9977777777777778,0.9977777777777778,large,candidate_lower_energy_joules,228.0,0.00105755431847824,16.061452539,16.254142654166667,16.034140881,16.2333423965,-1.1854831058546855,-1.2271133734168596,-0.4933333333333333,-0.49333333333333335,0.49333333333333335,large,candidate_lower_avg_power_watts,4.0744134210917984e-11,5.067197316722286e-11,0.001954176458057617
gemini,base,r,data_manipulation_preprocessing,01_impute_encode_scale,original,30,30,13.0,1.0936695631098952e-10,0.08094606609999998,0.09235858213333334,0.0802375305,0.092040134,-12.356746682032968,-12.823322812633014,-0.9711111111111111,-0.9711111111111111,0.9711111111111111,large,candidate_lower_elapsed_seconds,309.0,0.037782017894167214,1.3245443844,1.3448144300666665,1.318633688,1.3396148184999999,-1.5072745513045702,-1.5662062116850073,-0.31333333333333335,-0.31333333333333335,0.31333333333333335,small,candidate_lower_energy_joules,881.0,1.9567799598061047e-10,16.3708620828,14.585644554400002,16.3834842785,14.5957125125,12.239551853479497,12.248609065634326,0.9577777777777778,0.9577777777777777,0.9577777777777777,large,candidate_higher_avg_power_watts,1.3280273266334443e-10,0.042819620280056175,7.920299837310423e-10
gemini,base,r,data_manipulation_preprocessing,02_merge_aggregate_reshape,original,30,30,4.0,4.504322112705283e-11,0.08081021500000002,0.09346561816666667,0.0803302725,0.0931990285,-13.540169545660843,-13.807822041835994,-0.9911111111111112,-0.9911111111111112,0.9911111111111112,large,candidate_lower_elapsed_seconds,197.0,0.00018916193602108464,1.3332554513999997,1.3671192839333335,1.333366262,1.3700487360000002,-2.4770210567072324,-2.6774575995813508,-0.5622222222222222,-0.5622222222222222,0.5622222222222222,large,candidate_lower_energy_joules,891.0,7.389082518022346e-11,16.5032756061,14.6580354875,16.426425148,14.6625166665,12.58859088022795,12.030052695729017,0.98,0.98,0.98,large,candidate_higher_avg_power_watts,5.714438501193269e-11,0.0002364524200263558,3.30564217911526e-10
gemini,base,r,data_visualization,01_scatter_trend_grouped,original,30,30,1.0,3.3383888204288e-11,0.10289861996666666,0.11433397246666668,0.10289541499999999,0.1144237505,-10.00171012455106,-10.075124656921654,-0.9977777777777778,-0.9977777777777778,0.9977777777777778,large,candidate_lower_elapsed_seconds,464.0,0.8418014501581275,1.6977029610999999,1.6986322096666666,1.6962477805,1.692443826,-0.0547056956402066,0.22476104917410292,0.03111111111111109,0.03111111111111111,0.03111111111111111,negligible,candidate_higher_energy_joules,899.0,3.3383888204288e-11,16.499371818433335,14.865875171966668,16.463481201500002,14.743759365999999,10.988230612530872,11.664066082533779,0.9977777777777779,0.9977777777777778,0.9977777777777778,large,candidate_higher_avg_power_watts,4.3655853805607385e-11,0.8418014501581275,1.6691944102144002e-10
gemini,base,r,data_visualization,02_distribution_boxplot,original,30,30,0.0,3.0198593591621564e-11,0.1044170754,0.1179408338,0.1044036865,0.11801191350000001,-11.466561634567656,-11.531231548075874,-1.0,-1.0,1.0,large,candidate_lower_elapsed_seconds,116.0,8.197497229004642e-07,1.696540017533333,1.7711200452333329,1.680987901,1.7627801745,-4.2108962574682245,-4.6399587812019645,-0.7422222222222222,-0.7422222222222222,0.7422222222222222,large,candidate_lower_energy_joules,849.0,3.824890705314934e-09,16.247557582099997,15.033689691400003,16.129901822500003,14.876527023,8.074317852884679,8.425184168066988,0.8866666666666667,0.8866666666666667,0.8866666666666667,large,candidate_higher_avg_power_watts,4.0744134210917984e-11,1.1060115308974517e-06,1.1210886550061014e-08
gemini,base,r,machine_learning_workflows,01_pipeline_cv_gridsearch_classification,original,30,30,37.0,1.0701785878647305e-09,1.7747973962333334,2.0172275167666665,1.7568477825,2.0093385165,-12.017985999016839,-12.565863438471553,-0.9177777777777778,-0.9177777777777778,0.9177777777777778,large,candidate_lower_elapsed_seconds,51.0,3.824890705314934e-09,31.772276019966665,35.368709211933336,31.883431839,35.4081118635,-10.168403857818033,-9.954442185699737,-0.8866666666666667,-0.8866666666666667,0.8866666666666667,large,candidate_lower_energy_joules,722.0,5.970555843419153e-05,17.9080682069,17.535067454766665,17.861526935500002,17.5896571475,2.1271703293729916,1.5456230085681015,0.6044444444444443,0.6044444444444445,0.6044444444444445,large,candidate_higher_avg_power_watts,1.2811997178662265e-09,5.329765736914253e-09,0.00011802261550944838
gemini,base,r,machine_learning_workflows,02_regression_workflow_feature_importance,original,30,30,900.0,3.0198593591621564e-11,2.7854662318666668,1.4876295009333338,2.788038202,1.488366254,87.24193289519161,87.32205157884479,1.0,1.0,1.0,large,candidate_higher_elapsed_seconds,900.0,3.0198593591621564e-11,46.7439589647,24.976797815199998,46.6898685895,24.943015217,87.14952697520447,87.18614483175378,1.0,1.0,1.0,large,candidate_higher_energy_joules,451.0,0.9941019213254952,16.781898991033334,16.791031006566666,16.7664504655,16.8146876705,-0.05438627044259956,-0.2868754147876785,0.0022222222222221255,0.0022222222222222222,0.0022222222222222222,negligible,candidate_higher_avg_power_watts,4.0744134210917984e-11,4.667055373250606e-11,1.0
gemini,base,r,statistical_modelling_analysis,01_linear_regression_inference,original,30,30,11.0,8.993406027014868e-11,0.08873770713333333,0.09961929943333334,0.08834070050000001,0.09881026849999999,-10.923176896342383,-10.59562751820676,-0.9755555555555555,-0.9755555555555555,0.9755555555555555,large,candidate_lower_elapsed_seconds,366.0,0.2170168245486217,1.4496645077666666,1.4624414085333333,1.4410432345,1.448678419,-0.8736692418659375,-0.5270448154581091,-0.18666666666666665,-0.18666666666666668,0.18666666666666668,small,candidate_lower_energy_joules,879.0,2.371469434621338e-10,16.341656674800003,14.6993823919,16.208415526,14.727247690999999,11.172403296379086,10.057329557274715,0.9533333333333334,0.9533333333333334,0.9533333333333334,large,candidate_higher_avg_power_watts,1.1078833511540056e-10,0.227733704773245,8.398954247617239e-10
gemini,base,r,statistical_modelling_analysis,02_logistic_regression_odds_ratios,original,30,30,0.0,3.0198593591621564e-11,0.09107971443333335,0.10546008013333336,0.0905027685,0.1053258635,-13.635838017398516,-14.07355658660231,-1.0,-1.0,1.0,large,candidate_lower_elapsed_seconds,172.0,4.0839534518280284e-05,1.5078990691666663,1.563865798733333,1.48039578,1.5455194725,-3.5787424734269124,-4.213708960564393,-0.6177777777777778,-0.6177777777777778,0.6177777777777778,large,candidate_lower_energy_joules,852.0,2.9215452138416713e-09,16.549232540200002,14.835174480033333,16.296164514,14.6357379845,11.554013486485252,11.34501404205567,0.8933333333333333,0.8933333333333333,0.8933333333333333,large,candidate_higher_avg_power_watts,4.0744134210917984e-11,5.259637021293673e-05,8.86897654201936e-09
gemini,optimized,python,data_manipulation_preprocessing,01_impute_encode_scale,original,30,30,0.0,3.0198593591621564e-11,0.1722963398,0.5877041638,0.172217438,0.587691752,-70.68315141993213,-70.69595797219901,-1.0,-1.0,1.0,large,candidate_lower_elapsed_seconds,0.0,3.0198593591621564e-11,2.7816883599333337,9.499587221966667,2.7837819809999997,9.5073405555,-70.71779757439344,-70.71965640917763,-1.0,-1.0,1.0,large,candidate_lower_energy_joules,438.0,0.8649937061644875,16.144607740266665,16.1640993963,16.1709119195,16.141549785000002,-0.12058609363535823,0.18190406058334807,-0.026666666666666616,-0.02666666666666667,0.02666666666666667,negligible,candidate_lower_avg_power_watts,4.0744134210917984e-11,4.667055373250606e-11,0.9306894306833093
gemini,optimized,python,data_manipulation_preprocessing,02_merge_aggregate_reshape,original,30,30,282.0,0.013271804739910293,0.6175269676666666,0.6203006892333333,0.6178875575,0.619173945,-0.44715758257416627,-0.20775866142106253,-0.3733333333333333,-0.37333333333333335,0.37333333333333335,medium,candidate_lower_elapsed_seconds,133.0,2.878972080067009e-06,9.784173563566666,9.971933694333336,9.773246411999999,9.9610617495,-1.8828858727105884,-1.8854951632985235,-0.7044444444444444,-0.7044444444444444,0.7044444444444444,large,candidate_lower_energy_joules,191.0,0.00013249510522186082,15.844214441466667,16.076345269300003,15.827072895499999,16.0858647905,-1.4439278576370318,-1.6088155555854176,-0.5755555555555556,-0.5755555555555556,0.5755555555555556,large,candidate_lower_avg_power_watts,0.014101292536154686,3.764809643164551e-06,0.0002502685320857371
gemini,optimized,python,data_visualization,01_scatter_trend_grouped,original,30,30,0.0,3.0198593591621564e-11,0.3717537531333333,0.9117480123333335,0.3717688405,0.9092514925,-59.226261192284255,-59.11264995806427,-1.0,-1.0,1.0,large,candidate_lower_elapsed_seconds,0.0,3.0198593591621564e-11,6.082499662200001,14.861679919766665,6.083453913,14.839879339,-59.07259680576207,-59.0060419358508,-1.0,-1.0,1.0,large,candidate_lower_energy_joules,512.0,0.36322231255273874,16.3617452139,16.301168091766666,16.365881218,16.3029950235,0.37161215559718663,0.385733998012951,0.13777777777777778,0.13777777777777778,0.13777777777777778,negligible,candidate_higher_avg_power_watts,4.0744134210917984e-11,4.667055373250606e-11,0.44105566524261136
gemini,optimized,python,data_visualization,02_distribution_boxplot,original,30,30,0.0,3.0198593591621564e-11,0.48294103043333336,0.8475414639000001,0.4833515265,0.845047822,-43.01859543118297,-42.801872992697916,-1.0,-1.0,1.0,large,candidate_lower_elapsed_seconds,0.0,3.0198593591621564e-11,7.968160306766666,13.984664556066669,7.9821299615,13.991418737,-43.022156342605946,-42.94981723053265,-1.0,-1.0,1.0,large,candidate_lower_energy_joules,455.0,0.9469559422255942,16.499524102133332,16.50072567333333,16.5484436325,16.5301748455,-0.007281929436237797,0.11051780861818007,0.011111111111111072,0.011111111111111112,0.011111111111111112,negligible,candidate_higher_avg_power_watts,4.0744134210917984e-11,4.667055373250606e-11,0.9697741577009098
gemini,optimized,python,machine_learning_workflows,01_pipeline_cv_gridsearch_classification,original,30,30,0.0,3.0198593591621564e-11,2.5762823825999996,3.115271052633334,2.5736506405,2.7244318635,-17.30150156846635,-5.534409761538163,-1.0,-1.0,1.0,large,candidate_lower_elapsed_seconds,0.0,3.0198593591621564e-11,42.241659888499996,96.64283546966665,42.219900529,100.956781893,-56.2909555755342,-58.1802235200532,-1.0,-1.0,1.0,large,candidate_lower_energy_joules,0.0,3.0198593591621564e-11,16.396401944366666,32.89970124763333,16.41229474,36.9420801825,-50.16245946748178,-55.57290044599399,-1.0,-1.0,1.0,large,candidate_lower_avg_power_watts,4.0744134210917984e-11,4.667055373250606e-11,1.6043002845548956e-10
gemini,optimized,python,machine_learning_workflows,02_regression_workflow_feature_importance,original,30,30,691.0,0.0003770395640831686,12.209331725166665,12.182617280799999,12.203199054999999,12.174177088,0.21928329316204206,0.23838955840888193,0.5355555555555556,0.5355555555555556,0.5355555555555556,large,candidate_higher_elapsed_seconds,648.0,0.0035011673538548815,191.2619555165333,189.5356866025333,190.86629997300003,189.1339853995,0.9107883295983634,0.9159192462639236,0.43999999999999995,0.44,0.44,medium,candidate_higher_energy_joules,598.0,0.02920540956844501,15.665388304666669,15.5577626928,15.6231437115,15.531491187,0.6917807784565083,0.5901076940809961,0.3288888888888888,0.3288888888888889,0.3288888888888889,small,candidate_higher_avg_power_watts,0.00041087644803935037,0.004251417501109499,0.045135632969415015
gemini,optimized,python,statistical_modelling_analysis,01_linear_regression_inference,original,30,30,0.0,3.0198593591621564e-11,0.5792211664,0.7242042895333333,0.5791436315,0.7233002425,-20.01964435018167,-19.93039716145263,-1.0,-1.0,1.0,large,candidate_lower_elapsed_seconds,0.0,3.0198593591621564e-11,9.421026388033333,11.792974864333333,9.455811430499999,11.7634327765,-20.113232696473556,-19.61690426462906,-1.0,-1.0,1.0,large,candidate_lower_energy_joules,442.0,0.9117089753194283,16.265156033566665,16.2843045934,16.3089703015,16.220004307499998,-0.11758905468457889,0.5484955016865508,-0.01777777777777778,-0.017777777777777778,0.017777777777777778,negligible,candidate_lower_avg_power_watts,4.0744134210917984e-11,4.667055373250606e-11,0.9450641817335538
gemini,optimized,python,statistical_modelling_analysis,02_logistic_regression_odds_ratios,original,30,30,0.0,3.0198593591621564e-11,0.7301119454333335,0.7562265260666666,0.730070987,0.7555736799999999,-3.4532748764000614,-3.3752754595686776,-1.0,-1.0,1.0,large,candidate_lower_elapsed_seconds,0.0,3.0198593591621564e-11,11.682377397499998,12.291509031666665,11.6799353945,12.2732115325,-4.9557107479428195,-4.833911127735224,-1.0,-1.0,1.0,large,candidate_lower_energy_joules,176.0,5.265008978704173e-05,16.0012299287,16.254142654166667,15.9704804485,16.2333423965,-1.555989330522059,-1.6192718762383398,-0.6088888888888888,-0.6088888888888889,0.6088888888888889,large,candidate_lower_avg_power_watts,4.0744134210917984e-11,4.667055373250606e-11,0.0001065537531404416
gemini,optimized,r,data_manipulation_preprocessing,01_impute_encode_scale,original,30,30,0.0,3.0198593591621564e-11,0.08121083523333335,0.09235858213333334,0.081264417,0.092040134,-12.070071500130396,-11.707628543869776,-1.0,-1.0,1.0,large,candidate_lower_elapsed_seconds,315.0,0.04675584239277179,1.3247911832,1.3448144300666665,1.313481335,1.3396148184999999,-1.4889226661312471,-1.950820723919887,-0.30000000000000004,-0.3,0.3,small,candidate_lower_energy_joules,880.0,2.1543992766911748e-10,16.313169079866665,14.585644554400002,16.2286975955,14.5957125125,11.844005378188971,11.18811487689612,0.9555555555555555,0.9555555555555556,0.9555555555555556,large,candidate_higher_avg_power_watts,4.0744134210917984e-11,0.05229271846560003,7.961910370380429e-10
gemini,optimized,r,data_manipulation_preprocessing,02_merge_aggregate_reshape,original,30,30,0.0,3.0198593591621564e-11,0.08111034583333332,0.09346561816666667,0.081211518,0.0931990285,-13.219055922041395,-12.862269803595652,-1.0,-1.0,1.0,large,candidate_lower_elapsed_seconds,127.0,1.860848389843697e-06,1.3138240262,1.3671192839333335,1.308459839,1.3700487360000002,-3.898361932252017,-4.495380009605749,-0.7177777777777778,-0.7177777777777777,0.7177777777777777,large,candidate_lower_energy_joules,881.0,1.9567799598061047e-10,16.1989355588,14.6580354875,16.1128839015,14.6625166665,10.512323241501495,9.891666403447005,0.9577777777777778,0.9577777777777777,0.9577777777777777,large,candidate_higher_avg_power_watts,4.0744134210917984e-11,2.4714392677611603e-06,7.920299837310423e-10
gemini,optimized,r,data_visualization,01_scatter_trend_grouped,original,30,30,4.0,4.504322112705283e-11,0.10275344639999999,0.11433397246666668,0.102171407,0.1144237505,-10.128683379774039,-10.70786741953542,-0.9911111111111112,-0.9911111111111112,0.9911111111111112,large,candidate_lower_elapsed_seconds,407.0,0.5297824906260176,1.6900837415,1.6986322096666666,1.6866718029999999,1.692443826,-0.503255979606325,-0.3410466516718669,-0.0955555555555555,-0.09555555555555556,0.09555555555555556,negligible,candidate_lower_energy_joules,898.0,3.689725853980989e-11,16.45199960796667,14.865875171966668,16.484293772999997,14.743759365999999,10.669566491389872,11.805227986925615,0.9955555555555555,0.9955555555555555,0.9955555555555555,large,candidate_higher_avg_power_watts,5.714438501193269e-11,0.5425483337736324,1.7423705421576893e-10
gemini,optimized,r,data_visualization,02_distribution_boxplot,original,30,30,0.0,3.0198593591621564e-11,0.1038473005,0.1179408338,0.10391790000000001,0.11801191350000001,-11.949663950908919,-11.942873462516987,-1.0,-1.0,1.0,large,candidate_lower_elapsed_seconds,41.0,1.546521285833038e-09,1.6757262371000003,1.7711200452333329,1.6762182145,1.7627801745,-5.386072411639667,-4.910536279689708,-0.9088888888888889,-0.9088888888888889,0.9088888888888889,large,candidate_lower_energy_joules,840.0,8.484772900147978e-09,16.135575746966666,15.033689691400003,16.0855833205,14.876527023,7.32944525386203,8.127275241262472,0.8666666666666667,0.8666666666666667,0.8666666666666667,large,candidate_higher_avg_power_watts,4.0744134210917984e-11,2.1909051549301374e-09,2.3264699887502517e-08
gemini,optimized,r,machine_learning_workflows,01_pipeline_cv_gridsearch_classification,original,30,30,306.0,0.033874280129520255,1.9992332368333332,2.0172275167666665,1.961573042,2.0093385165,-0.8920302635061989,-2.3771740852905827,-0.31999999999999995,-0.32,0.32,small,candidate_lower_elapsed_seconds,407.0,0.5297824906260176,35.44459028533333,35.368709211933336,35.127166962000004,35.4081118635,0.21454295361841677,-0.793447847722152,-0.0955555555555555,-0.09555555555555556,0.09555555555555556,negligible,candidate_lower_energy_joules,602.0,0.02510128272933511,17.742454830666663,17.535067454766665,17.785443338500002,17.5896571475,1.182700759121532,1.1130756521188379,0.33777777777777773,0.3377777777777778,0.3377777777777778,medium,candidate_higher_avg_power_watts,0.0355470840865336,0.5425483337736324,0.03951127837024971
gemini,optimized,r,machine_learning_workflows,02_regression_workflow_feature_importance,original,30,30,900.0,3.0198593591621564e-11,2.5236275726333335,1.4876295009333338,2.4828393555000003,1.488366254,69.64086629433054,66.81642363412523,1.0,1.0,1.0,large,candidate_higher_elapsed_seconds,900.0,3.0198593591621564e-11,42.66120240173334,24.976797815199998,42.780938061499995,24.943015217,70.8033300240403,71.51470136754958,1.0,1.0,1.0,large,candidate_higher_energy_joules,775.0,1.606212908299896e-06,16.997718319399997,16.791031006566666,17.185279917000003,16.8146876705,1.2309387836428847,2.2039793647203854,0.7222222222222223,0.7222222222222222,0.7222222222222222,large,candidate_higher_avg_power_watts,4.0744134210917984e-11,4.667055373250606e-11,3.900802777299747e-06
gemini,optimized,r,statistical_modelling_analysis,01_linear_regression_inference,original,30,30,11.0,8.993406027014868e-11,0.08850896936666668,0.09961929943333334,0.0879235,0.09881026849999999,-11.152788796815273,-11.01785134811165,-0.9755555555555555,-0.9755555555555555,0.9755555555555555,large,candidate_lower_elapsed_seconds,289.0,0.01764902812917384,1.439072599566667,1.4624414085333333,1.4314145635000002,1.448678419,-1.5979312969606407,-1.1916968785879152,-0.35777777777777775,-0.35777777777777775,0.35777777777777775,medium,candidate_lower_energy_joules,880.0,2.1543992766911748e-10,16.2628920303,14.6993823919,16.220926251999998,14.727247690999999,10.636566875500586,10.142279075762437,0.9555555555555555,0.9555555555555556,0.9555555555555556,large,candidate_higher_avg_power_watts,1.1078833511540056e-10,0.020550238232599678,7.961910370380429e-10
gemini,optimized,r,statistical_modelling_analysis,02_logistic_regression_odds_ratios,original,30,30,0.0,3.0198593591621564e-11,0.09017491546666666,0.10546008013333336,0.0902125555,0.1053258635,-14.49379200863648,-14.34909479759452,-1.0,-1.0,1.0,large,candidate_lower_elapsed_seconds,28.0,4.615910369111146e-10,1.4561947848333334,1.563865798733333,1.4505534505000002,1.5455194725,-6.8849266981354,-6.1446021023847,-0.9377777777777778,-0.9377777777777778,0.9377777777777778,large,candidate_lower_energy_joules,840.0,8.484772900147978e-09,16.148991424300004,14.835174480033333,16.0960524335,14.6357379845,8.856093644432278,9.97773020087232,0.8666666666666667,0.8666666666666667,0.8666666666666667,large,candidate_higher_avg_power_watts,4.0744134210917984e-11,6.650040362278769e-10,2.3264699887502517e-08
gpt,base,python,data_manipulation_preprocessing,01_impute_encode_scale,original,30,30,202.0,0.00025305784556082746,0.5852620178,0.5877041638,0.584988029,0.587691752,-0.4155400200348272,-0.4600580135417641,-0.5511111111111111,-0.5511111111111111,0.5511111111111111,large,candidate_lower_elapsed_seconds,291.0,0.019112396759828544,9.4033853889,9.499587221966667,9.4234168175,9.5073405555,-1.012694876301695,-0.8827256950572909,-0.3533333333333334,-0.35333333333333333,0.35333333333333333,medium,candidate_lower_energy_joules,361.0,0.19073033347156776,16.066890424633335,16.1640993963,16.0915416205,16.141549785000002,-0.601388108816722,-0.3098101803488196,-0.19777777777777783,-0.19777777777777777,0.19777777777777777,small,candidate_lower_avg_power_watts,0.00027934956977493944,0.021953428710613867,0.2456375506830797
gpt,base,python,data_manipulation_preprocessing,02_merge_aggregate_reshape,original,30,30,0.0,3.0198593591621564e-11,0.1737177819,0.6203006892333333,0.1737175705,0.619173945,-71.9945850592705,-71.94365623702076,-1.0,-1.0,1.0,large,candidate_lower_elapsed_seconds,0.0,3.0198593591621564e-11,2.7758904566000004,9.971933694333336,2.7781128195,9.9610617495,-72.16296716676493,-72.11027409162031,-1.0,-1.0,1.0,large,candidate_lower_energy_joules,333.0,0.08499969748696411,15.979827923166665,16.076345269300003,15.953481745000001,16.0858647905,-0.6003687064226637,-0.8229774850412899,-0.26,-0.26,0.26,small,candidate_lower_avg_power_watts,4.0744134210917984e-11,4.667055373250606e-11,0.12041623810653249
gpt,base,python,data_visualization,01_scatter_trend_grouped,original,30,30,0.0,3.0198593591621564e-11,0.8253115312666667,0.9117480123333335,0.825947098,0.9092514925,-9.480303756896568,-9.16186502712835,-1.0,-1.0,1.0,large,candidate_lower_elapsed_seconds,0.0,3.0198593591621564e-11,13.422263301833334,14.861679919766665,13.4147784045,14.839879339,-9.68542335526178,-9.603184109150794,-1.0,-1.0,1.0,large,candidate_lower_energy_joules,378.0,0.2904721494938346,16.26317836213333,16.301168091766666,16.242452125,16.3029950235,-0.23304912518828882,-0.37136058995742727,-0.16000000000000003,-0.16,0.16,small,candidate_lower_avg_power_watts,4.0744134210917984e-11,4.667055373250606e-11,0.3630901868672933
gpt,base,python,data_visualization,02_distribution_boxplot,original,30,30,0.0,3.0198593591621564e-11,0.4584281792333333,0.8475414639000001,0.458518391,0.845047822,-45.910825751951364,-45.74053928512461,-1.0,-1.0,1.0,large,candidate_lower_elapsed_seconds,0.0,3.0198593591621564e-11,7.420505179066668,13.984664556066669,7.434732286999999,13.991418737,-46.93826834875644,-46.86219870370248,-1.0,-1.0,1.0,large,candidate_lower_energy_joules,112.0,6.045949421012785e-07,16.186848756633335,16.50072567333333,16.197231074999998,16.5301748455,-1.9022006844659562,-2.0141575852153726,-0.7511111111111111,-0.7511111111111111,0.7511111111111111,large,candidate_lower_avg_power_watts,4.0744134210917984e-11,4.667055373250606e-11,1.5114873552531964e-06
gpt,base,python,machine_learning_workflows,01_pipeline_cv_gridsearch_classification,original,30,30,0.0,3.0198593591621564e-11,2.4174671874333336,3.115271052633334,2.4161298880000004,2.7244318635,-22.399459097151368,-11.31619328163094,-1.0,-1.0,1.0,large,candidate_lower_elapsed_seconds,0.0,3.0198593591621564e-11,39.549898817233334,96.64283546966665,39.615416421,100.956781893,-59.07622264492966,-60.76002455883868,-1.0,-1.0,1.0,large,candidate_lower_energy_joules,0.0,3.0198593591621564e-11,16.359921312533334,32.89970124763333,16.403050421,36.9420801825,-50.273343853813266,-55.59792426423685,-1.0,-1.0,1.0,large,candidate_lower_avg_power_watts,4.0744134210917984e-11,4.667055373250606e-11,1.6043002845548956e-10
gpt,base,python,machine_learning_workflows,02_regression_workflow_feature_importance,original,30,30,796.0,3.255539523355122e-07,12.232808551999998,12.182617280799999,12.2270968465,12.174177088,0.4119908722660234,0.4346885881277552,0.768888888888889,0.7688888888888888,0.7688888888888888,large,candidate_higher_elapsed_seconds,704.0,0.0001783555484387447,192.14461591476666,189.5356866025333,192.0764064315,189.1339853995,1.3764844811016643,1.5557336381321647,0.5644444444444445,0.5644444444444444,0.5644444444444444,large,candidate_higher_energy_joules,645.0,0.004032977591300898,15.707416823400003,15.5577626928,15.713164407,15.531491187,0.9619257830000231,1.1697088052437783,0.43333333333333335,0.43333333333333335,0.43333333333333335,medium,candidate_higher_avg_power_watts,3.689611459802471e-07,0.00022627196443721342,0.0068560619052115265
gpt,base,python,statistical_modelling_analysis,01_linear_regression_inference,original,30,30,0.0,3.0198593591621564e-11,0.5799112001,0.7242042895333333,0.579607013,0.7233002425,-19.924362713498102,-19.866332272106224,-1.0,-1.0,1.0,large,candidate_lower_elapsed_seconds,0.0,3.0198593591621564e-11,9.381800864199999,11.792974864333333,9.365970246,11.7634327765,-20.445850414094306,-20.380636979449147,-1.0,-1.0,1.0,large,candidate_lower_energy_joules,333.0,0.08499969748696411,16.178153293866668,16.2843045934,16.1754711235,16.220004307499998,-0.6518626504711581,-0.2745571650644195,-0.26,-0.26,0.26,small,candidate_lower_avg_power_watts,4.0744134210917984e-11,4.667055373250606e-11,0.12041623810653249
gpt,base,python,statistical_modelling_analysis,02_logistic_regression_odds_ratios,original,30,30,0.0,3.0198593591621564e-11,0.7329827063666666,0.7562265260666666,0.734064525,0.7555736799999999,-3.0736583416211585,-2.84673163840222,-1.0,-1.0,1.0,large,candidate_lower_elapsed_seconds,4.0,4.504322112705283e-11,11.854439146366666,12.291509031666665,11.86437739,12.2732115325,-3.5558683980459582,-3.33110972150516,-0.9911111111111112,-0.9911111111111112,0.9911111111111112,large,candidate_lower_energy_joules,357.0,0.17145004745971015,16.172995221066667,16.254142654166667,16.1732068425,16.2333423965,-0.4992415461494563,-0.3704446843489494,-0.20666666666666667,-0.20666666666666667,0.20666666666666667,small,candidate_lower_avg_power_watts,4.0744134210917984e-11,6.601161716895673e-11,0.22420390821654404
gpt,base,r,data_manipulation_preprocessing,01_impute_encode_scale,original,30,30,900.0,3.0198593591621564e-11,0.4198108047666666,0.09235858213333334,0.42229032099999997,0.092040134,354.54444521528853,358.81106713729906,1.0,1.0,1.0,large,candidate_higher_elapsed_seconds,900.0,3.0198593591621564e-11,7.0567931683000005,1.3448144300666665,7.0430973859999995,1.3396148184999999,424.74103567956024,425.755410341484,1.0,1.0,1.0,large,candidate_higher_energy_joules,900.0,3.0198593591621564e-11,16.811284280966667,14.585644554400002,16.7677866555,14.5957125125,15.259111232730985,14.881590337846138,1.0,1.0,1.0,large,candidate_higher_avg_power_watts,4.0744134210917984e-11,4.667055373250606e-11,1.6043002845548956e-10
gpt,base,r,data_manipulation_preprocessing,02_merge_aggregate_reshape,original,30,30,900.0,3.0198593591621564e-11,0.42643604043333333,0.09346561816666667,0.42886159349999997,0.0931990285,356.2490986502846,360.1567209469356,1.0,1.0,1.0,large,candidate_higher_elapsed_seconds,900.0,3.0198593591621564e-11,7.276294508266667,1.3671192839333335,7.257827795500001,1.3700487360000002,432.2355257349651,429.7496070606936,1.0,1.0,1.0,large,candidate_higher_energy_joules,900.0,3.0198593591621564e-11,17.064541180466662,14.6580354875,17.09493104,14.6625166665,16.417654978519256,16.58933748431759,1.0,1.0,1.0,large,candidate_higher_avg_power_watts,4.0744134210917984e-11,4.667055373250606e-11,1.6043002845548956e-10
gpt,base,r,data_visualization,02_distribution_boxplot,original,30,30,900.0,3.0198593591621564e-11,0.5842816167333332,0.1179408338,0.5835787585,0.11801191350000001,395.40231140313784,394.50834343093663,1.0,1.0,1.0,large,candidate_higher_elapsed_seconds,900.0,3.0198593591621564e-11,10.329372480233333,1.7711200452333329,10.334270642,1.7627801745,483.2113135432618,486.2484041682192,1.0,1.0,1.0,large,candidate_higher_energy_joules,900.0,3.0198593591621564e-11,17.678892478699996,15.033689691400003,17.708607115,14.876527023,17.595166865877093,19.03723958973378,1.0,1.0,1.0,large,candidate_higher_avg_power_watts,4.0744134210917984e-11,4.667055373250606e-11,1.6043002845548956e-10
gpt,base,r,machine_learning_workflows,01_pipeline_cv_gridsearch_classification,original,30,30,899.0,3.3383888204288e-11,2.2954905487,2.0172275167666665,2.2398263905,2.0093385165,13.79433056611038,11.470833416435932,0.9977777777777779,0.9977777777777778,0.9977777777777778,large,candidate_higher_elapsed_seconds,900.0,3.0198593591621564e-11,41.054431127933334,35.368709211933336,40.31528759,35.4081118635,16.07557087235077,13.858902574125958,1.0,1.0,1.0,large,candidate_higher_energy_joules,725.0,4.942599819037002e-05,17.885315811166663,17.535067454766665,17.919074648,17.5896571475,1.9974166469761023,1.872790911941224,0.6111111111111112,0.6111111111111112,0.6111111111111112,large,candidate_higher_avg_power_watts,4.3655853805607385e-11,4.667055373250606e-11,0.00010246853283369395
gpt,base,r,machine_learning_workflows,02_regression_workflow_feature_importance,original,30,30,900.0,3.0198593591621564e-11,1.7738434285,1.4876295009333338,1.7756603284999999,1.488366254,19.239597452665233,19.30264635656002,1.0,1.0,1.0,large,candidate_higher_elapsed_seconds,900.0,3.0198593591621564e-11,30.354587805333335,24.976797815199998,30.356363272,24.943015217,21.531142742648154,21.702861534200217,1.0,1.0,1.0,large,candidate_higher_energy_joules,719.0,7.19878817481734e-05,17.113436379,16.791031006566666,17.0654138935,16.8146876705,1.9201046815246006,1.4911143633067871,0.5977777777777777,0.5977777777777777,0.5977777777777777,large,candidate_higher_avg_power_watts,4.0744134210917984e-11,4.667055373250606e-11,0.00013906749883169862
gpt,base,r,statistical_modelling_analysis,02_logistic_regression_odds_ratios,original,30,30,900.0,3.0198593591621564e-11,0.4157530000333333,0.10546008013333336,0.4131818825,0.1053258635,294.2278438511483,292.2891004829027,1.0,1.0,1.0,large,candidate_higher_elapsed_seconds,900.0,3.0198593591621564e-11,6.9684527146,1.563865798733333,6.975272393,1.5455194725,345.5914772382745,351.32219406572375,1.0,1.0,1.0,large,candidate_higher_energy_joules,874.0,3.820159781999324e-10,16.763360573633335,14.835174480033333,16.8165264535,14.6357379845,12.997394106790919,14.90043393308603,0.9422222222222223,0.9422222222222222,0.9422222222222222,large,candidate_higher_avg_power_watts,4.0744134210917984e-11,4.667055373250606e-11,1.2988543258797701e-09
gpt,optimized,python,data_manipulation_preprocessing,01_impute_encode_scale,original,30,30,0.0,3.0198593591621564e-11,0.17294209160000001,0.5877041638,0.172944082,0.587691752,-70.57327440360734,-70.57231424272227,-1.0,-1.0,1.0,large,candidate_lower_elapsed_seconds,0.0,3.0198593591621564e-11,2.7384773088666656,9.499587221966667,2.728469356,9.5073405555,-71.17267050789047,-71.30144502479635,-1.0,-1.0,1.0,large,candidate_lower_energy_joules,152.0,1.0906865251349971e-05,15.8349622334,16.1640993963,15.76839406,16.141549785000002,-2.0362233294317584,-2.311771360063379,-0.6622222222222223,-0.6622222222222223,0.6622222222222223,large,candidate_lower_avg_power_watts,4.0744134210917984e-11,4.667055373250606e-11,2.439693543065125e-05
gpt,optimized,python,data_manipulation_preprocessing,02_merge_aggregate_reshape,original,30,30,0.0,3.0198593591621564e-11,0.17338961313333331,0.6203006892333333,0.1735449295,0.619173945,-72.04748984760344,-71.97153870872263,-1.0,-1.0,1.0,large,candidate_lower_elapsed_seconds,0.0,3.0198593591621564e-11,2.8093310452666667,9.971933694333336,2.8080426825,9.9610617495,-71.82762008472739,-71.80980548945045,-1.0,-1.0,1.0,large,candidate_lower_energy_joules,573.0,0.07012659407128823,16.202760937400004,16.076345269300003,16.149047296,16.0858647905,0.7863458141908027,0.39278277122727623,0.27333333333333343,0.2733333333333333,0.2733333333333333,small,candidate_higher_avg_power_watts,4.0744134210917984e-11,4.667055373250606e-11,0.10277173269068102
gpt,optimized,python,data_visualization,01_scatter_trend_grouped,original,30,30,0.0,3.0198593591621564e-11,0.3715230686666667,0.9117480123333335,0.3713971585,0.9092514925,-59.25156253251711,-59.153527757338274,-1.0,-1.0,1.0,large,candidate_lower_elapsed_seconds,0.0,3.0198593591621564e-11,5.995908390099999,14.861679919766665,5.983348447,14.839879339,-59.65524474709494,-59.68061255541721,-1.0,-1.0,1.0,large,candidate_lower_energy_joules,257.0,0.004427193167173019,16.138453298199998,16.301168091766666,16.096541962499998,16.3029950235,-0.9981787357241664,-1.2663505122979484,-0.4288888888888889,-0.4288888888888889,0.4288888888888889,medium,candidate_lower_avg_power_watts,4.0744134210917984e-11,4.667055373250606e-11,0.007378655278621698
gpt,optimized,python,data_visualization,02_distribution_boxplot,original,30,30,0.0,3.0198593591621564e-11,0.4598328454666667,0.8475414639000001,0.459799929,0.845047822,-45.745091532073815,-45.58888656599602,-1.0,-1.0,1.0,large,candidate_lower_elapsed_seconds,0.0,3.0198593591621564e-11,7.515712758466666,13.984664556066669,7.509907253,13.991418737,-46.25746846958668,-46.324905328290875,-1.0,-1.0,1.0,large,candidate_lower_energy_joules,241.0,0.002052333872380414,16.3444023047,16.50072567333333,16.322819811000002,16.5301748455,-0.9473726897112366,-1.254403153251857,-0.46444444444444444,-0.46444444444444444,0.46444444444444444,medium,candidate_lower_avg_power_watts,4.0744134210917984e-11,4.667055373250606e-11,0.003560171003108881
gpt,optimized,python,machine_learning_workflows,01_pipeline_cv_gridsearch_classification,original,30,30,0.0,3.0198593591621564e-11,2.4438031948333334,3.115271052633334,2.4397873260000003,2.7244318635,-21.554074957054212,-10.447849377826795,-1.0,-1.0,1.0,large,candidate_lower_elapsed_seconds,0.0,3.0198593591621564e-11,39.81029141566667,96.64283546966665,39.722292616000004,100.956781893,-58.80678456690982,-60.65416124485817,-1.0,-1.0,1.0,large,candidate_lower_energy_joules,0.0,3.0198593591621564e-11,16.2898991102,32.89970124763333,16.2999146855,36.9420801825,-50.48617922823288,-55.877106527364674,-1.0,-1.0,1.0,large,candidate_lower_avg_power_watts,4.0744134210917984e-11,4.667055373250606e-11,1.6043002845548956e-10
gpt,optimized,python,machine_learning_workflows,02_regression_workflow_feature_importance,original,30,30,804.0,1.7294093690511444e-07,12.245855177333333,12.182617280799999,12.238450025,12.174177088,0.5190830104545575,0.527944817423048,0.7866666666666666,0.7866666666666666,0.7866666666666666,large,candidate_higher_elapsed_seconds,620.0,0.012211939665202362,191.33301855089996,189.5356866025333,191.6745458625,189.1339853995,0.9482815508700294,1.3432596249868416,0.37777777777777777,0.37777777777777777,0.37777777777777777,medium,candidate_higher_energy_joules,547.0,0.1536672354850899,15.6242383181,15.5577626928,15.6254410845,15.531491187,0.42728267947397924,0.6048994032114371,0.2155555555555555,0.21555555555555556,0.21555555555555556,small,candidate_higher_avg_power_watts,2.01369584067599e-07,0.014619927768200012,0.20408929712863502
gpt,optimized,python,statistical_modelling_analysis,01_linear_regression_inference,original,30,30,0.0,3.0198593591621564e-11,0.5811596463,0.7242042895333333,0.580995223,0.7233002425,-19.751974035601076,-19.674405058698717,-1.0,-1.0,1.0,large,candidate_lower_elapsed_seconds,0.0,3.0198593591621564e-11,9.313726167699999,11.792974864333333,9.299852409,11.7634327765,-21.023098286519485,-20.942699416972353,-1.0,-1.0,1.0,large,candidate_lower_energy_joules,167.0,2.9589845546014042e-05,16.02633708793333,16.2843045934,16.049238782,16.220004307499998,-1.5841481224271858,-1.052808139027669,-0.6288888888888888,-0.6288888888888889,0.6288888888888889,large,candidate_lower_avg_power_watts,4.0744134210917984e-11,4.667055373250606e-11,6.449068901054342e-05
gpt,optimized,python,statistical_modelling_analysis,02_logistic_regression_odds_ratios,original,30,30,0.0,3.0198593591621564e-11,0.7314724031666666,0.7562265260666666,0.7310475095,0.7555736799999999,-3.273374054828878,-3.2460329348687673,-1.0,-1.0,1.0,large,candidate_lower_elapsed_seconds,3.0,4.077164846825319e-11,11.829599425566666,12.291509031666665,11.824763479,12.2732115325,-3.7579568538735106,-3.653877001243643,-0.9933333333333333,-0.9933333333333333,0.9933333333333333,large,candidate_lower_energy_joules,335.0,0.09049036090614401,16.1723306628,16.254142654166667,16.1669015,16.2333423965,-0.5033300931790147,-0.40928660824848295,-0.25555555555555554,-0.25555555555555554,0.25555555555555554,small,candidate_lower_avg_power_watts,4.0744134210917984e-11,6.079982666318459e-11,0.12609312585282362
gpt,optimized,r,data_manipulation_preprocessing,01_impute_encode_scale,original,30,30,900.0,3.0198593591621564e-11,0.3913435542666667,0.09235858213333334,0.3899433925,0.092040134,323.721916499004,323.6666935969476,1.0,1.0,1.0,large,candidate_higher_elapsed_seconds,900.0,3.0198593591621564e-11,6.622763791000001,1.3448144300666665,6.6209454465,1.3396148184999999,392.46674060983196,394.24247590166544,1.0,1.0,1.0,large,candidate_higher_energy_joules,900.0,3.0198593591621564e-11,16.9242793953,14.585644554400002,16.93786339,14.5957125125,16.033812096391113,16.046841670073626,1.0,1.0,1.0,large,candidate_higher_avg_power_watts,4.0744134210917984e-11,4.667055373250606e-11,1.6043002845548956e-10
gpt,optimized,r,data_manipulation_preprocessing,02_merge_aggregate_reshape,original,30,30,900.0,3.0198593591621564e-11,0.3859712348,0.09346561816666667,0.3848379175,0.0931990285,312.9553116652384,312.9205247026797,1.0,1.0,1.0,large,candidate_higher_elapsed_seconds,900.0,3.0198593591621564e-11,6.512852960366666,1.3671192839333335,6.513690654,1.3700487360000002,376.392443359336,375.43495956336545,1.0,1.0,1.0,large,candidate_higher_energy_joules,900.0,3.0198593591621564e-11,16.874759765900002,14.6580354875,16.837845122,14.6625166665,15.122928855578014,14.835982832811062,1.0,1.0,1.0,large,candidate_higher_avg_power_watts,4.0744134210917984e-11,4.667055373250606e-11,1.6043002845548956e-10
gpt,optimized,r,data_visualization,01_scatter_trend_grouped,original,30,30,900.0,3.0198593591621564e-11,0.40620165066666664,0.11433397246666668,0.407716372,0.1144237505,255.27642563551444,256.3214544344096,1.0,1.0,1.0,large,candidate_higher_elapsed_seconds,900.0,3.0198593591621564e-11,6.817574383633334,1.6986322096666666,6.8163849225,1.692443826,301.35671187885873,302.753983191877,1.0,1.0,1.0,large,candidate_higher_energy_joules,900.0,3.0198593591621564e-11,16.785976446266666,14.865875171966668,16.8265375435,14.743759365999999,12.916167074514595,14.126506854846074,1.0,1.0,1.0,large,candidate_higher_avg_power_watts,4.0744134210917984e-11,4.667055373250606e-11,1.6043002845548956e-10
gpt,optimized,r,data_visualization,02_distribution_boxplot,original,30,30,900.0,3.0198593591621564e-11,0.3676619441666666,0.1179408338,0.36862,0.11801191350000001,211.73422496752482,212.35829423272588,1.0,1.0,1.0,large,candidate_higher_elapsed_seconds,900.0,3.0198593591621564e-11,6.2608369887,1.7711200452333329,6.265994141,1.7627801745,253.4959138173595,255.46089249485152,1.0,1.0,1.0,large,candidate_higher_energy_joules,900.0,3.0198593591621564e-11,17.030629822833333,15.033689691400003,17.012366915,14.876527023,13.283100638798448,14.357113650907,1.0,1.0,1.0,large,candidate_higher_avg_power_watts,4.0744134210917984e-11,4.667055373250606e-11,1.6043002845548956e-10
gpt,optimized,r,machine_learning_workflows,01_pipeline_cv_gridsearch_classification,original,30,30,900.0,3.0198593591621564e-11,103.95903719910001,2.0172275167666665,101.80045213599999,2.0093385165,5053.560336403293,4966.366433532703,1.0,1.0,1.0,large,candidate_higher_elapsed_seconds,900.0,3.0198593591621564e-11,1823.975051446667,35.368709211933336,1810.8892931605,35.4081118635,5057.030301889732,5014.33453481385,1.0,1.0,1.0,large,candidate_higher_energy_joules,429.0,0.7618283459354748,17.54854419363333,17.535067454766665,17.506770453999998,17.5896571475,0.07685592827874237,-0.4712240426572577,-0.046666666666666634,-0.04666666666666667,0.04666666666666667,negligible,candidate_lower_avg_power_watts,4.0744134210917984e-11,4.667055373250606e-11,0.8520448605857285
gpt,optimized,r,machine_learning_workflows,02_regression_workflow_feature_importance,original,30,30,900.0,3.0198593591621564e-11,1.7420358854000002,1.4876295009333338,1.74062301,1.488366254,17.101461372408433,16.948567284568384,1.0,1.0,1.0,large,candidate_higher_elapsed_seconds,900.0,3.0198593591621564e-11,29.900316803033334,24.976797815199998,29.8504054195,24.943015217,19.712370754096657,19.674406481359767,1.0,1.0,1.0,large,candidate_higher_energy_joules,771.0,2.1540341425888302e-06,17.1643417985,16.791031006566666,17.2023816685,16.8146876705,2.2232749840515447,2.305686585426009,0.7133333333333334,0.7133333333333334,0.7133333333333334,large,candidate_higher_avg_power_watts,4.0744134210917984e-11,4.667055373250606e-11,5.085913947779183e-06
gpt,optimized,r,statistical_modelling_analysis,01_linear_regression_inference,original,30,30,900.0,3.0198593591621564e-11,0.38543565263333335,0.09961929943333334,0.38517455700000003,0.09881026849999999,286.9086159266482,289.8122764437181,1.0,1.0,1.0,large,candidate_higher_elapsed_seconds,900.0,3.0198593591621564e-11,6.612694671433332,1.4624414085333333,6.618846888,1.448678419,352.16817801029936,356.88862353377823,1.0,1.0,1.0,large,candidate_higher_energy_joules,900.0,3.0198593591621564e-11,17.1570832208,14.6993823919,17.159373658,14.727247690999999,16.719755724256142,16.51446365288134,1.0,1.0,1.0,large,candidate_higher_avg_power_watts,4.0744134210917984e-11,4.667055373250606e-11,1.6043002845548956e-10
gpt,optimized,r,statistical_modelling_analysis,02_logistic_regression_odds_ratios,original,30,30,900.0,3.0198593591621564e-11,0.3445555478333334,0.10546008013333336,0.3460972,0.1053258635,226.71656175276112,228.59659394105037,1.0,1.0,1.0,large,candidate_higher_elapsed_seconds,900.0,3.0198593591621564e-11,5.729388855866666,1.563865798733333,5.7364035635,1.5455194725,266.36064683473705,271.16346093141823,1.0,1.0,1.0,large,candidate_higher_energy_joules,871.0,5.072313498155901e-10,16.630268118866667,14.835174480033333,16.5769555325,14.6357379845,12.100252957923423,13.263544004790534,0.9355555555555555,0.9355555555555556,0.9355555555555556,large,candidate_higher_avg_power_watts,4.0744134210917984e-11,4.667055373250606e-11,1.658256335935583e-09
llama,base,python,data_manipulation_preprocessing,02_merge_aggregate_reshape,original,30,30,368.0,0.22823006680742364,0.6184313051999999,0.6203006892333333,0.6190953435,0.619173945,-0.30136739580990135,-0.012694574866203848,-0.18222222222222217,-0.18222222222222223,0.18222222222222223,small,candidate_lower_elapsed_seconds,85.0,7.088113854432779e-08,9.743211332166664,9.971933694333336,9.698976813000002,9.9610617495,-2.2936610809661246,-2.6310943862300076,-0.8111111111111111,-0.8111111111111111,0.8111111111111111,large,candidate_lower_energy_joules,130.0,2.3167867652540457e-06,15.755043447933334,16.076345269300003,15.6942427605,16.0858647905,-1.9985999055409633,-2.4345724342485147,-0.7111111111111111,-0.7111111111111111,0.7111111111111111,large,candidate_lower_avg_power_watts,0.23372958648953024,9.717575445593326e-08,5.322347974232267e-06
llama,base,python,data_visualization,01_scatter_trend_grouped,original,30,30,0.0,3.0198593591621564e-11,0.8265916302333332,0.9117480123333335,0.827212085,0.9092514925,-9.339903235113091,-9.022741032234274,-1.0,-1.0,1.0,large,candidate_lower_elapsed_seconds,0.0,3.0198593591621564e-11,13.481178260233333,14.861679919766665,13.4692109815,14.839879339,-9.2890014250489,-9.236384785810284,-1.0,-1.0,1.0,large,candidate_lower_energy_joules,442.0,0.9117089753194283,16.3095606596,16.301168091766666,16.275443791,16.3029950235,0.05148445673394328,-0.1689949144944526,-0.01777777777777778,-0.017777777777777778,0.017777777777777778,negligible,candidate_lower_avg_power_watts,4.0744134210917984e-11,4.667055373250606e-11,0.9450641817335538
llama,base,python,data_visualization,02_distribution_boxplot,original,30,30,0.0,3.0198593591621564e-11,0.47374526463333333,0.8475414639000001,0.4738232625,0.845047822,-44.10358846004144,-43.929414387627396,-1.0,-1.0,1.0,large,candidate_lower_elapsed_seconds,0.0,3.0198593591621564e-11,7.689832427,13.984664556066669,7.6998035300000005,13.991418737,-45.012392709383334,-44.967671436792614,-1.0,-1.0,1.0,large,candidate_lower_energy_joules,174.0,4.638965975341987e-05,16.2321270756,16.50072567333333,16.2570060555,16.5301748455,-1.627798698377308,-1.6525462831045876,-0.6133333333333333,-0.6133333333333333,0.6133333333333333,large,candidate_lower_avg_power_watts,4.0744134210917984e-11,4.667055373250606e-11,9.857802697601722e-05
llama,base,python,machine_learning_workflows,01_pipeline_cv_gridsearch_classification,original,30,30,0.0,3.0198593591621564e-11,2.2837457555666676,3.115271052633334,2.2821656285,2.7244318635,-26.69190844128248,-16.2333380740832,-1.0,-1.0,1.0,large,candidate_lower_elapsed_seconds,0.0,3.0198593591621564e-11,36.948269680533336,96.64283546966665,37.1180225275,100.956781893,-61.76822678994108,-63.23375029243712,-1.0,-1.0,1.0,large,candidate_lower_energy_joules,0.0,3.0198593591621564e-11,16.178815066033334,32.89970124763333,16.240610385,36.9420801825,-50.8238237658855,-56.03763971934257,-1.0,-1.0,1.0,large,candidate_lower_avg_power_watts,4.0744134210917984e-11,4.667055373250606e-11,1.6043002845548956e-10
llama,base,python,machine_learning_workflows,02_regression_workflow_feature_importance,original,30,30,710.0,0.0001247705378909994,12.213269793633335,12.182617280799999,12.212473651500002,12.174177088,0.25160860040843147,0.31457209159336,0.5777777777777777,0.5777777777777777,0.5777777777777777,large,candidate_higher_elapsed_seconds,659.0,0.002052333872380414,191.29600177036664,189.5356866025333,190.96928119,189.1339853995,0.9287513076758033,0.9703680629493308,0.46444444444444444,0.46444444444444444,0.46444444444444444,medium,candidate_higher_energy_joules,624.0,0.010314672402337997,15.662866787633334,15.5577626928,15.643778246,15.531491187,0.6755733257325895,0.7229638007584558,0.3866666666666667,0.38666666666666666,0.38666666666666666,medium,candidate_higher_avg_power_watts,0.00013954599632545986,0.0025282373790193506,0.016860522196129418
llama,base,python,statistical_modelling_analysis,01_linear_regression_inference,original,30,30,459.0,0.8999950372363642,0.7239702355666666,0.7242042895333333,0.7236885875,0.7233002425,-0.032318776628272726,0.0536907050739661,0.020000000000000018,0.02,0.02,negligible,candidate_higher_elapsed_seconds,424.0,0.7061714882812296,11.773051360233334,11.792974864333333,11.777762506,11.7634327765,-0.1689438358785625,0.12181588293365123,-0.05777777777777782,-0.057777777777777775,0.057777777777777775,negligible,candidate_lower_energy_joules,434.0,0.8187456534765797,16.2621204451,16.2843045934,16.249016271000002,16.220004307499998,-0.13623024657125304,0.17886532549556108,-0.03555555555555556,-0.035555555555555556,0.035555555555555556,negligible,candidate_lower_avg_power_watts,0.8999950372363641,0.7145782917131489,0.8922228275065291
llama,base,python,statistical_modelling_analysis,02_logistic_regression_odds_ratios,original,30,30,0.0,3.0198593591621564e-11,0.6327017128333333,0.7562265260666666,0.6329196429999999,0.7555736799999999,-16.334366618401816,-16.233233137501564,-1.0,-1.0,1.0,large,candidate_lower_elapsed_seconds,0.0,3.0198593591621564e-11,10.279547332533333,12.291509031666665,10.3024828775,12.2732115325,-16.368711880289936,-16.057155454229928,-1.0,-1.0,1.0,large,candidate_lower_energy_joules,450.0,1.0,16.24719821633333,16.254142654166667,16.281395129000003,16.2333423965,-0.04272411028431798,0.2960125606071391,0.0,0.0,0.0,negligible,no_direction,4.0744134210917984e-11,4.667055373250606e-11,1.0
llama,base,r,data_visualization,02_distribution_boxplot,original,30,30,900.0,3.0198593591621564e-11,1.0033231851666666,0.1179408338,1.002255618,0.11801191350000001,750.7004341414674,749.2834225588588,1.0,1.0,1.0,large,candidate_higher_elapsed_seconds,900.0,3.0198593591621564e-11,17.5777503916,1.7711200452333329,17.563574017999997,1.7627801745,892.4652165112981,896.356452839151,1.0,1.0,1.0,large,candidate_higher_energy_joules,900.0,3.0198593591621564e-11,17.520094334766668,15.033689691400003,17.514606175,14.876527023,16.53888496041666,17.73316546208247,1.0,1.0,1.0,large,candidate_higher_avg_power_watts,4.0744134210917984e-11,4.667055373250606e-11,1.6043002845548956e-10
llama,optimized,python,data_manipulation_preprocessing,01_impute_encode_scale,original,30,30,363.0,0.20094889697592833,0.5866990098333333,0.5877041638,0.5868477405000001,0.587691752,-0.1710306015474706,-0.14361465804609558,-0.19333333333333336,-0.19333333333333333,0.19333333333333333,small,candidate_lower_elapsed_seconds,339.0,0.10232626822732968,9.450915736566666,9.499587221966667,9.442768382,9.5073405555,-0.5123536871944776,-0.6791822920726784,-0.2466666666666667,-0.24666666666666667,0.24666666666666667,small,candidate_lower_energy_joules,377.0,0.2837780479456242,16.1088258324,16.1640993963,16.0657382055,16.141549785000002,-0.3419526355588399,-0.46966729037661364,-0.16222222222222227,-0.1622222222222222,0.1622222222222222,small,candidate_lower_avg_power_watts,0.20830068588968179,0.11150939486311567,0.36001692649818
llama,optimized,python,data_manipulation_preprocessing,02_merge_aggregate_reshape,original,30,30,0.0,3.0198593591621564e-11,0.17323796290000004,0.6203006892333333,0.173284114,0.619173945,-72.07193770587048,-72.01366184747971,-1.0,-1.0,1.0,large,candidate_lower_elapsed_seconds,0.0,3.0198593591621564e-11,2.7847139425999994,9.971933694333336,2.7834649999999996,9.9610617495,-72.07448396711217,-72.0565430674123,-1.0,-1.0,1.0,large,candidate_lower_energy_joules,423.0,0.6952153990669099,16.074535483366667,16.076345269300003,16.072520921,16.0858647905,-0.011257446285331731,-0.08295400759480641,-0.06000000000000005,-0.06,0.06,negligible,candidate_lower_avg_power_watts,4.0744134210917984e-11,4.667055373250606e-11,0.7879107856091646
llama,optimized,python,data_visualization,01_scatter_trend_grouped,original,30,30,0.0,3.0198593591621564e-11,0.8275972031000002,0.9117480123333335,0.8279153459999999,0.9092514925,-9.229612578806249,-8.945395984598846,-1.0,-1.0,1.0,large,candidate_lower_elapsed_seconds,0.0,3.0198593591621564e-11,13.476849608666667,14.861679919766665,13.43426118,14.839879339,-9.318127685270056,-9.471897492494831,-1.0,-1.0,1.0,large,candidate_lower_energy_joules,400.0,0.46427291062161524,16.284464190766666,16.301168091766666,16.2402776815,16.3029950235,-0.10247057699157384,-0.3846982834110851,-0.11111111111111116,-0.1111111111111111,0.1111111111111111,negligible,candidate_lower_avg_power_watts,4.0744134210917984e-11,4.667055373250606e-11,0.5480999639282957
llama,optimized,python,data_visualization,02_distribution_boxplot,original,30,30,0.0,3.0198593591621564e-11,0.47318383626666666,0.8475414639000001,0.4735708795,0.845047822,-44.16983045415973,-43.95928050803259,-1.0,-1.0,1.0,large,candidate_lower_elapsed_seconds,0.0,3.0198593591621564e-11,7.634682585399999,13.984664556066669,7.6104933685,13.991418737,-45.40675212629245,-45.605992418951644,-1.0,-1.0,1.0,large,candidate_lower_energy_joules,87.0,8.35199591655616e-08,16.1347888914,16.50072567333333,16.086160568,16.5301748455,-2.217701143439521,-2.6860833696557838,-0.8066666666666666,-0.8066666666666666,0.8066666666666666,large,candidate_lower_avg_power_watts,4.0744134210917984e-11,4.667055373250606e-11,2.21849891533523e-07
llama,optimized,python,statistical_modelling_analysis,02_logistic_regression_odds_ratios,original,30,30,0.0,3.0198593591621564e-11,0.6305156756999999,0.7562265260666666,0.630067662,0.7555736799999999,-16.623438352595482,-16.610692156455205,-1.0,-1.0,1.0,large,candidate_lower_elapsed_seconds,0.0,3.0198593591621564e-11,10.12726179536667,12.291509031666665,10.1190328325,12.2732115325,-17.607660952973607,-17.55187461974105,-1.0,-1.0,1.0,large,candidate_lower_energy_joules,234.0,0.0014423282031954525,16.061960601499997,16.254142654166667,16.056959499,16.2333423965,-1.182357364246493,-1.0865470165776043,-0.48,-0.48,0.48,large,candidate_lower_avg_power_watts,4.0744134210917984e-11,4.667055373250606e-11,0.002608465899396031
starcoder,base,python,data_manipulation_preprocessing,01_impute_encode_scale,original,30,30,220.0,0.0006912516925845255,0.5867562175666666,0.5877041638,0.5851718885,0.587691752,-0.1612964977488195,-0.42877299050472245,-0.5111111111111111,-0.5111111111111111,0.5111111111111111,large,candidate_lower_elapsed_seconds,358.0,0.17612754548398757,9.506563706066668,9.499587221966667,9.448941996999999,9.5073405555,0.07343986572246586,-0.6142470458388977,-0.20444444444444443,-0.20444444444444446,0.20444444444444446,small,candidate_lower_energy_joules,439.0,0.8766349003139949,16.198673816933333,16.1640993963,16.163396421500003,16.141549785000002,0.21389636246141722,0.1353441075422807,-0.02444444444444449,-0.024444444444444446,0.024444444444444446,negligible,candidate_lower_avg_power_watts,0.0007437518211352488,0.18713551707673678,0.9314245815836196
starcoder,base,python,data_manipulation_preprocessing,02_merge_aggregate_reshape,original,30,30,103.0,3.0102616021326525e-07,0.6156576136333333,0.6203006892333333,0.6160279645,0.619173945,-0.7485201420199364,-0.5080931659680922,-0.7711111111111111,-0.7711111111111111,0.7711111111111111,large,candidate_lower_elapsed_seconds,282.0,0.013271804739910293,9.879784524866668,9.971933694333336,9.853525314,9.9610617495,-0.9240852606052948,-1.0795680039369093,-0.3733333333333333,-0.37333333333333335,0.37333333333333335,medium,candidate_lower_energy_joules,415.0,0.6100075520376812,16.04736211663333,16.076345269300003,15.984293011999998,16.0858647905,-0.18028446255144645,-0.6314349885620599,-0.07777777777777772,-0.07777777777777778,0.07777777777777778,negligible,candidate_lower_avg_power_watts,3.4577329213685875e-07,0.015668102817949652,0.7102827660712726
starcoder,base,python,data_visualization,01_scatter_trend_grouped,original,30,30,0.0,3.0198593591621564e-11,0.8249850521333333,0.9117480123333335,0.8256092964999999,0.9092514925,-9.516111801325188,-9.19901662960428,-1.0,-1.0,1.0,large,candidate_lower_elapsed_seconds,0.0,3.0198593591621564e-11,13.428703338366669,14.861679919766665,13.4401659835,14.839879339,-9.642090188566616,-9.432107387972337,-1.0,-1.0,1.0,large,candidate_lower_energy_joules,422.0,0.6843225867624494,16.27772622446666,16.301168091766666,16.279091287,16.3029950235,-0.14380483145771766,-0.1466217493506152,-0.06222222222222218,-0.06222222222222222,0.06222222222222222,negligible,candidate_lower_avg_power_watts,4.0744134210917984e-11,4.667055373250606e-11,0.7860462145244351
starcoder,base,python,data_visualization,02_distribution_boxplot,original,30,30,0.0,3.0198593591621564e-11,0.4195505026,0.8475414639000001,0.4196263255,0.845047822,-50.49793780360674,-50.3428901210753,-1.0,-1.0,1.0,large,candidate_lower_elapsed_seconds,0.0,3.0198593591621564e-11,6.708878242933333,13.984664556066669,6.707884113,13.991418737,-52.0268919140934,-52.05715561023738,-1.0,-1.0,1.0,large,candidate_lower_energy_joules,35.0,8.890991323298936e-10,15.990527781399999,16.50072567333333,15.981538709,16.5301748455,-3.091972450386581,-3.3189977821036414,-0.9222222222222223,-0.9222222222222223,0.9222222222222223,large,candidate_lower_avg_power_watts,4.0744134210917984e-11,4.667055373250606e-11,2.7990157869644798e-09
starcoder,base,python,statistical_modelling_analysis,01_linear_regression_inference,original,30,30,0.0,3.0198593591621564e-11,0.6284200992666665,0.7242042895333333,0.628426884,0.7233002425,-13.226128545632983,-13.116732571813012,-1.0,-1.0,1.0,large,candidate_lower_elapsed_seconds,0.0,3.0198593591621564e-11,10.213946692999999,11.792974864333333,10.199629529500001,11.7634327765,-13.389566156957954,-13.293766171079197,-1.0,-1.0,1.0,large,candidate_lower_energy_joules,434.0,0.8187456534765797,16.25342202606667,16.2843045934,16.233016042499997,16.220004307499998,-0.18964621520190084,0.0802202931227501,-0.03555555555555556,-0.035555555555555556,0.035555555555555556,negligible,candidate_lower_avg_power_watts,4.0744134210917984e-11,4.667055373250606e-11,0.8922228275065291
starcoder,base,python,statistical_modelling_analysis,02_logistic_regression_odds_ratios,original,30,30,0.0,3.0198593591621564e-11,0.6324229827333334,0.7562265260666666,0.6331621235,0.7555736799999999,-16.37122463519867,-16.201140899984754,-1.0,-1.0,1.0,large,candidate_lower_elapsed_seconds,0.0,3.0198593591621564e-11,10.246638430033332,12.291509031666665,10.2528857845,12.2732115325,-16.63644875796067,-16.461263970315258,-1.0,-1.0,1.0,large,candidate_lower_energy_joules,386.0,0.3478277829758114,16.202309049733334,16.254142654166667,16.205913782,16.2333423965,-0.31889473063069596,-0.16896467671324142,-0.14222222222222225,-0.14222222222222222,0.14222222222222222,negligible,candidate_lower_avg_power_watts,4.0744134210917984e-11,4.667055373250606e-11,0.4284835007673039
starcoder,base,r,data_manipulation_preprocessing,01_impute_encode_scale,original,30,30,900.0,3.0198593591621564e-11,1.2204219951,0.09235858213333334,1.219032843,0.092040134,1221.3953342615628,1224.4579185423613,1.0,1.0,1.0,large,candidate_higher_elapsed_seconds,900.0,3.0198593591621564e-11,21.128462619766665,1.3448144300666665,21.1414096255,1.3396148184999999,1471.1061799596591,1478.1707796553462,1.0,1.0,1.0,large,candidate_higher_energy_joules,900.0,3.0198593591621564e-11,17.312567662800003,14.585644554400002,17.322868332,14.5957125125,18.695938312697873,18.684636444876663,1.0,1.0,1.0,large,candidate_higher_avg_power_watts,4.0744134210917984e-11,4.667055373250606e-11,1.6043002845548956e-10
starcoder,optimized,python,statistical_modelling_analysis,02_logistic_regression_odds_ratios,original,30,30,0.0,3.0198593591621564e-11,0.6323938469,0.7562265260666666,0.631468366,0.7555736799999999,-16.375077426965305,-16.42530930934491,-1.0,-1.0,1.0,large,candidate_lower_elapsed_seconds,0.0,3.0198593591621564e-11,10.072981285766668,12.291509031666665,10.092888329,12.2732115325,-18.04927076231564,-17.764895502097456,-1.0,-1.0,1.0,large,candidate_lower_energy_joules,112.0,6.045949421012785e-07,15.928703116033331,16.254142654166667,15.914104794,16.2333423965,-2.002194425492578,-1.9665549749559208,-0.7511111111111111,-0.7511111111111111,0.7511111111111111,large,candidate_lower_avg_power_watts,4.0744134210917984e-11,4.667055373250606e-11,1.5114873552531964e-06
starcoder,optimized,r,data_manipulation_preprocessing,01_impute_encode_scale,original,30,30,900.0,3.0198593591621564e-11,1.232241534433333,0.09235858213333334,1.231473673,0.092040134,1234.1927798917586,1237.9746633137238,1.0,1.0,1.0,large,candidate_higher_elapsed_seconds,900.0,3.0198593591621564e-11,21.24326630473333,1.3448144300666665,21.288657797,1.3396148184999999,1479.6429477396548,1489.1626087592433,1.0,1.0,1.0,large,candidate_higher_energy_joules,900.0,3.0198593591621564e-11,17.2398279348,14.585644554400002,17.2968915045,14.5957125125,18.19723064346389,18.506660703865375,1.0,1.0,1.0,large,candidate_higher_avg_power_watts,4.0744134210917984e-11,4.667055373250606e-11,1.6043002845548956e-10
starcoder,optimized,r,machine_learning_workflows,01_pipeline_cv_gridsearch_classification,original,30,30,900.0,3.0198593591621564e-11,2.4072641222999995,2.0172275167666665,2.4040363405000003,2.0093385165,19.335280839243516,19.64317215635278,1.0,1.0,1.0,large,candidate_higher_elapsed_seconds,900.0,3.0198593591621564e-11,41.98856681983333,35.368709211933336,42.083223098999994,35.4081118635,18.71670681627948,18.851926533764008,1.0,1.0,1.0,large,candidate_higher_energy_joules,351.0,0.14531912724086538,17.443281514366667,17.535067454766665,17.4049416995,17.5896571475,-0.5234421859896918,-1.0501367164297006,-0.21999999999999997,-0.22,0.22,small,candidate_lower_avg_power_watts,4.0744134210917984e-11,4.667055373250606e-11,0.1960654891345009
